{
    "rgnames__sample_out": [
        "VarOnly",
        "Test2",
        "Test1",
        "Umi1"
    ],
    "align_bam": [
        null,
        {
            "class": "File",
            "secondaryFiles": [
                {
                    "class": "File",
                    "basename": "Test2-sort.bam.bai",
                    "location": "../data/48/48e2ad7ab4aa4a882d907c002d7c5c4ccc2d68bc",
                    "nameroot": "Test2-sort.bam",
                    "nameext": ".bai",
                    "checksum": "sha1$48e2ad7ab4aa4a882d907c002d7c5c4ccc2d68bc",
                    "size": 232,
                    "http://commonwl.org/cwltool#generation": 0,
                    "@id": "urn:uuid:a59ace63-d2f1-4827-9d8f-0ca349c396d2"
                }
            ],
            "basename": "Test2-sort.bam",
            "location": "../data/33/3329e50e7a99abf3779a14b4279f93cb17c27b7f",
            "nameroot": "Test2-sort",
            "nameext": ".bam",
            "checksum": "sha1$3329e50e7a99abf3779a14b4279f93cb17c27b7f",
            "size": 3902404,
            "http://commonwl.org/cwltool#generation": 0,
            "@id": "urn:uuid:35bc0c3c-7b55-44ad-a062-ca70fae6e8d3"
        },
        {
            "class": "File",
            "secondaryFiles": [
                {
                    "class": "File",
                    "basename": "Test1-prealign.bam.bai",
                    "location": "../data/63/639d954149591413cdcfba6e887b86c447d34b87",
                    "nameroot": "Test1-prealign.bam",
                    "nameext": ".bai",
                    "checksum": "sha1$639d954149591413cdcfba6e887b86c447d34b87",
                    "size": 184,
                    "http://commonwl.org/cwltool#generation": 0,
                    "@id": "urn:uuid:9fb4fc83-8418-43ba-908f-613abf57e9dc"
                }
            ],
            "basename": "Test1-prealign.bam",
            "location": "../data/62/629a1fcf47dfc625e4d6aed097aedc563c9efdbd",
            "nameroot": "Test1-prealign",
            "nameext": ".bam",
            "checksum": "sha1$629a1fcf47dfc625e4d6aed097aedc563c9efdbd",
            "size": 3363919,
            "http://commonwl.org/cwltool#generation": 0,
            "@id": "urn:uuid:a1344faa-db2f-4d5d-a613-27fb7ede21e2"
        },
        {
            "class": "File",
            "secondaryFiles": [
                {
                    "class": "File",
                    "basename": "Umi1-sort-cumi.bam.bai",
                    "location": "../data/0f/0f39d43d49dcaa96c55743743098616f58d24465",
                    "nameroot": "Umi1-sort-cumi.bam",
                    "nameext": ".bai",
                    "checksum": "sha1$0f39d43d49dcaa96c55743743098616f58d24465",
                    "size": 184,
                    "http://commonwl.org/cwltool#generation": 0,
                    "@id": "urn:uuid:422924f5-61e8-4090-8b11-4c77eb042936"
                }
            ],
            "basename": "Umi1-sort-cumi.bam",
            "location": "../data/63/6399abe9db1a181273b0b87711f454cf5502413a",
            "nameroot": "Umi1-sort-cumi",
            "nameext": ".bam",
            "checksum": "sha1$6399abe9db1a181273b0b87711f454cf5502413a",
            "size": 2504411,
            "http://commonwl.org/cwltool#generation": 0,
            "@id": "urn:uuid:91907a59-1da5-467b-83bd-a6172ee00da6"
        }
    ],
    "umi_bam": [
        null,
        null,
        null,
        {
            "class": "File",
            "secondaryFiles": [
                {
                    "class": "File",
                    "basename": "Umi1-sort.bam.bai",
                    "location": "../data/13/137ade30795457387e8c32399caa3cd7b4ade1b4",
                    "nameroot": "Umi1-sort.bam",
                    "nameext": ".bai",
                    "checksum": "sha1$137ade30795457387e8c32399caa3cd7b4ade1b4",
                    "size": 184,
                    "http://commonwl.org/cwltool#generation": 0,
                    "@id": "urn:uuid:3f61322c-d305-4c21-81af-7afc604aa88b"
                }
            ],
            "basename": "Umi1-sort.bam",
            "location": "../data/77/77b12d3d9d90aac909fedf496444f986e8caf08b",
            "nameroot": "Umi1-sort",
            "nameext": ".bam",
            "checksum": "sha1$77b12d3d9d90aac909fedf496444f986e8caf08b",
            "size": 4454901,
            "http://commonwl.org/cwltool#generation": 0,
            "@id": "urn:uuid:ab70f892-e929-4dc3-9a4e-8b01eaf37327"
        }
    ],
    "regions__sample_callable": [
        null,
        {
            "class": "File",
            "basename": "Test2-sort-callable_sample.bed",
            "location": "../data/bc/bc44f08f7698d0e5ccfe0ce315d0704528911c6f",
            "nameroot": "Test2-sort-callable_sample",
            "nameext": ".bed",
            "checksum": "sha1$bc44f08f7698d0e5ccfe0ce315d0704528911c6f",
            "size": 209,
            "http://commonwl.org/cwltool#generation": 0,
            "@id": "urn:uuid:ac242c0c-776d-4f94-8272-e024eaaa7893"
        },
        {
            "class": "File",
            "basename": "Test1-prealign-callable_sample.bed",
            "location": "../data/6b/6be7fdc69c394f23af169ba267b3e2a4f9205d22",
            "nameroot": "Test1-prealign-callable_sample",
            "nameext": ".bed",
            "checksum": "sha1$6be7fdc69c394f23af169ba267b3e2a4f9205d22",
            "size": 264,
            "http://commonwl.org/cwltool#generation": 0,
            "@id": "urn:uuid:79609fdd-0a49-43bb-8c9b-e782405719a7"
        },
        {
            "class": "File",
            "basename": "Umi1-sort-cumi-callable_sample.bed",
            "location": "../data/d3/d30fff871ee8fb8b6c17be40b928a82ec4804f4e",
            "nameroot": "Umi1-sort-cumi-callable_sample",
            "nameext": ".bed",
            "checksum": "sha1$d30fff871ee8fb8b6c17be40b928a82ec4804f4e",
            "size": 318,
            "http://commonwl.org/cwltool#generation": 0,
            "@id": "urn:uuid:be69433b-93c2-4b3b-b51f-c9f41aa50698"
        }
    ],
    "validate__grading_summary": [
        {
            "class": "File",
            "basename": "grading-summary-combined.csv",
            "location": "../data/99/9940000ab42e6077135ab23486cad9a6fc432733",
            "nameroot": "grading-summary-combined",
            "nameext": ".csv",
            "checksum": "sha1$9940000ab42e6077135ab23486cad9a6fc432733",
            "size": 829,
            "http://commonwl.org/cwltool#generation": 0,
            "@id": "urn:uuid:d971e29f-f882-4ab6-962a-c4836b5dda22"
        }
    ],
    "variants__calls": [
        [
            {
                "class": "File",
                "secondaryFiles": [
                    {
                        "class": "File",
                        "basename": "Test1-germline-freebayes.vcf.gz.tbi",
                        "location": "../data/84/8471d93fdcfd13ddb7c6cd5bab804c8a331f411f",
                        "nameroot": "Test1-germline-freebayes.vcf.gz",
                        "nameext": ".tbi",
                        "checksum": "sha1$8471d93fdcfd13ddb7c6cd5bab804c8a331f411f",
                        "size": 140,
                        "http://commonwl.org/cwltool#generation": 0,
                        "@id": "urn:uuid:ba4cb242-84e8-4804-a2b4-673c7b77f31d"
                    }
                ],
                "basename": "Test1-germline-freebayes.vcf.gz",
                "location": "../data/34/3469f6db4c67b114d6380c2400af3a8ed97ba780",
                "nameroot": "Test1-germline-freebayes.vcf",
                "nameext": ".gz",
                "checksum": "sha1$3469f6db4c67b114d6380c2400af3a8ed97ba780",
                "size": 7241,
                "http://commonwl.org/cwltool#generation": 0,
                "@id": "urn:uuid:93f093f3-41d4-40ac-9886-f0ef3562cd64"
            },
            {
                "class": "File",
                "secondaryFiles": [
                    {
                        "class": "File",
                        "basename": "VarOnly-None.vcf.gz.tbi",
                        "location": "../data/14/14f11e23bead6899c0ecfba0d61b547bbeec27e4",
                        "nameroot": "VarOnly-None.vcf.gz",
                        "nameext": ".tbi",
                        "checksum": "sha1$14f11e23bead6899c0ecfba0d61b547bbeec27e4",
                        "size": 106,
                        "http://commonwl.org/cwltool#generation": 0,
                        "@id": "urn:uuid:7da27353-7cdc-4a34-813b-7a29bae83c11"
                    }
                ],
                "basename": "VarOnly-None.vcf.gz",
                "location": "../data/25/2567eb7819675ae4ffe3fc875fbadc9889e6ab28",
                "nameroot": "VarOnly-None.vcf",
                "nameext": ".gz",
                "checksum": "sha1$2567eb7819675ae4ffe3fc875fbadc9889e6ab28",
                "size": 3186,
                "http://commonwl.org/cwltool#generation": 0,
                "@id": "urn:uuid:b7c3ce92-f1b7-4599-98e2-f120915d270c"
            },
            {
                "class": "File",
                "secondaryFiles": [
                    {
                        "class": "File",
                        "basename": "b1-strelka2.vcf.gz.tbi",
                        "location": "../data/27/27a0f22e02be99c928cf13e818eb7523636c5929",
                        "nameroot": "b1-strelka2.vcf.gz",
                        "nameext": ".tbi",
                        "checksum": "sha1$27a0f22e02be99c928cf13e818eb7523636c5929",
                        "size": 72,
                        "http://commonwl.org/cwltool#generation": 0,
                        "@id": "urn:uuid:582972ef-d625-46f8-bd97-c8f8d6757d7c"
                    }
                ],
                "basename": "b1-strelka2.vcf.gz",
                "location": "../data/27/278fc2c5fa4eb7d26b73aa0c83bacbb13d580c1d",
                "nameroot": "b1-strelka2.vcf",
                "nameext": ".gz",
                "checksum": "sha1$278fc2c5fa4eb7d26b73aa0c83bacbb13d580c1d",
                "size": 3136,
                "http://commonwl.org/cwltool#generation": 0,
                "@id": "urn:uuid:278df2d8-ded8-4258-b810-f2dea041472a"
            },
            {
                "class": "File",
                "secondaryFiles": [
                    {
                        "class": "File",
                        "basename": "b1-vardict.vcf.gz.tbi",
                        "location": "../data/09/0971f3763e7db937afd7eb1e91d5edd6d86f3d2b",
                        "nameroot": "b1-vardict.vcf.gz",
                        "nameext": ".tbi",
                        "checksum": "sha1$0971f3763e7db937afd7eb1e91d5edd6d86f3d2b",
                        "size": 127,
                        "http://commonwl.org/cwltool#generation": 0,
                        "@id": "urn:uuid:fa6fbc07-98f8-417c-aba6-f73a0f6d5d49"
                    }
                ],
                "basename": "b1-vardict.vcf.gz",
                "location": "../data/cd/cd8f8d80c8ebcb0d5ca7f6a560a43625d51f7e1d",
                "nameroot": "b1-vardict.vcf",
                "nameext": ".gz",
                "checksum": "sha1$cd8f8d80c8ebcb0d5ca7f6a560a43625d51f7e1d",
                "size": 7348,
                "http://commonwl.org/cwltool#generation": 0,
                "@id": "urn:uuid:515bf354-b009-4f6c-8af7-478cee690490"
            },
            {
                "class": "File",
                "secondaryFiles": [
                    {
                        "class": "File",
                        "basename": "b1-mutect2.vcf.gz.tbi",
                        "location": "../data/0f/0fb7afedb42ec2484aa35476539d5f7831a7775a",
                        "nameroot": "b1-mutect2.vcf.gz",
                        "nameext": ".tbi",
                        "checksum": "sha1$0fb7afedb42ec2484aa35476539d5f7831a7775a",
                        "size": 106,
                        "http://commonwl.org/cwltool#generation": 0,
                        "@id": "urn:uuid:7619ac25-74d6-4b54-bf32-dbfaab56b2f4"
                    }
                ],
                "basename": "b1-mutect2.vcf.gz",
                "location": "../data/fd/fd1ab6886006f674e85b2534ea81fc76fc2ea5e1",
                "nameroot": "b1-mutect2.vcf",
                "nameext": ".gz",
                "checksum": "sha1$fd1ab6886006f674e85b2534ea81fc76fc2ea5e1",
                "size": 6193,
                "http://commonwl.org/cwltool#generation": 0,
                "@id": "urn:uuid:2dac0060-d589-42eb-af00-1e550eacffdf"
            },
            {
                "class": "File",
                "secondaryFiles": [
                    {
                        "class": "File",
                        "basename": "b1-ensemble.vcf.gz.tbi",
                        "location": "../data/52/524b482822b7846038d726f710eefef4723e0904",
                        "nameroot": "b1-ensemble.vcf.gz",
                        "nameext": ".tbi",
                        "checksum": "sha1$524b482822b7846038d726f710eefef4723e0904",
                        "size": 72,
                        "http://commonwl.org/cwltool#generation": 0,
                        "@id": "urn:uuid:24fec83f-6bd2-402a-8081-42074ebfc4d4"
                    }
                ],
                "basename": "b1-ensemble.vcf.gz",
                "location": "../data/e9/e945185b4b436afdd149ad90425c379ad9e7f9a7",
                "nameroot": "b1-ensemble.vcf",
                "nameext": ".gz",
                "checksum": "sha1$e945185b4b436afdd149ad90425c379ad9e7f9a7",
                "size": 7201,
                "http://commonwl.org/cwltool#generation": 0,
                "@id": "urn:uuid:7ad4f164-3e3b-4ff0-9bc9-17b47c0ee6ce"
            },
            {
                "class": "File",
                "secondaryFiles": [
                    {
                        "class": "File",
                        "basename": "b2-vardict.vcf.gz.tbi",
                        "location": "../data/ed/edbacd858eb551d65186de5a0defbe3b772025a8",
                        "nameroot": "b2-vardict.vcf.gz",
                        "nameext": ".tbi",
                        "checksum": "sha1$edbacd858eb551d65186de5a0defbe3b772025a8",
                        "size": 128,
                        "http://commonwl.org/cwltool#generation": 0,
                        "@id": "urn:uuid:c7561b90-e30f-463c-82fe-0afce8415416"
                    }
                ],
                "basename": "b2-vardict.vcf.gz",
                "location": "../data/9a/9a4139b011c479ff1a74b4de26ae5c0b4df29f73",
                "nameroot": "b2-vardict.vcf",
                "nameext": ".gz",
                "checksum": "sha1$9a4139b011c479ff1a74b4de26ae5c0b4df29f73",
                "size": 6589,
                "http://commonwl.org/cwltool#generation": 0,
                "@id": "urn:uuid:bd3a7aa0-02d2-4e10-9e96-89b216bddbb1"
            }
        ]
    ],
    "variants__gvcf": [
        []
    ]
}
