{
    "analysis": [
        "variant",
        "variant",
        "variant",
        "variant"
    ],
    "config__algorithm__adapters": [
        [],
        [],
        [],
        []
    ],
    "config__algorithm__align_split_size": [
        null,
        "False",
        25000,
        null
    ],
    "config__algorithm__aligner": [
        null,
        "bwa",
        "False",
        "minimap2"
    ],
    "config__algorithm__bam_clean": [
        "False",
        "False",
        "False",
        "False"
    ],
    "config__algorithm__coverage": [
        null,
        {
            "class": "File",
            "location": "../data/77/775df662dc4252b71a038c97db7a744d77752e2a",
            "size": 29,
            "basename": "coverage_transcripts-bam.bed",
            "nameroot": "coverage_transcripts-bam",
            "nameext": ".bed",
            "checksum": "sha1$775df662dc4252b71a038c97db7a744d77752e2a"
        },
        null,
        null
    ],
    "config__algorithm__coverage_interval": [
        null,
        null,
        null,
        null
    ],
    "config__algorithm__effects": [
        "snpeff",
        "snpeff",
        "snpeff",
        "snpeff"
    ],
    "config__algorithm__ensemble": [
        null,
        "{\"numpass\": 2}",
        "{\"numpass\": 2}",
        null
    ],
    "config__algorithm__exclude_regions": [
        [],
        [],
        [],
        []
    ],
    "config__algorithm__mark_duplicates": [
        "False",
        "True",
        "False",
        "True"
    ],
    "config__algorithm__min_allele_fraction": [
        10.0,
        0.5,
        10.0,
        10.0
    ],
    "config__algorithm__nomap_split_size": [
        250,
        250,
        50,
        250
    ],
    "config__algorithm__nomap_split_targets": [
        20,
        20,
        100,
        20
    ],
    "config__algorithm__qc": [
        [
            "contamination",
            "coverage",
            "fastqc",
            "peddy",
            "picard",
            "qsignature",
            "samtools",
            "variants"
        ],
        [
            "contamination",
            "coverage",
            "fastqc",
            "peddy",
            "picard",
            "qsignature",
            "qualimap",
            "samtools",
            "variants",
            "viral"
        ],
        [
            "contamination",
            "coverage",
            "fastqc",
            "peddy",
            "picard",
            "qsignature",
            "qualimap",
            "samtools",
            "variants",
            "viral"
        ],
        [
            "contamination",
            "coverage",
            "fastqc",
            "peddy",
            "picard",
            "qsignature",
            "samtools",
            "umi",
            "variants",
            "viral"
        ]
    ],
    "config__algorithm__recalibrate": [
        "False",
        "False",
        "False",
        "False"
    ],
    "config__algorithm__tools_off": [
        [],
        [
            "vqsr"
        ],
        [
            "vqsr"
        ],
        []
    ],
    "config__algorithm__tools_on": [
        [],
        [
            "qualimap_full"
        ],
        [
            "qualimap_full"
        ],
        []
    ],
    "config__algorithm__trim_reads": [
        "False",
        "False",
        "False",
        "False"
    ],
    "config__algorithm__umi_type": [
        null,
        null,
        null,
        "fastq_name"
    ],
    "config__algorithm__validate": [
        {
            "class": "File",
            "location": "../data/e9/e90cc30d53fcc6fe31f59f7d410151a06ba4b5fd",
            "size": 1685,
            "basename": "7_100326_FC6107FAAXX-grade.vcf",
            "nameroot": "7_100326_FC6107FAAXX-grade",
            "nameext": ".vcf",
            "checksum": "sha1$e90cc30d53fcc6fe31f59f7d410151a06ba4b5fd"
        },
        {
            "class": "File",
            "location": "../data/e9/e90cc30d53fcc6fe31f59f7d410151a06ba4b5fd",
            "size": 1685,
            "basename": "7_100326_FC6107FAAXX-grade.vcf",
            "nameroot": "7_100326_FC6107FAAXX-grade",
            "nameext": ".vcf",
            "checksum": "sha1$e90cc30d53fcc6fe31f59f7d410151a06ba4b5fd"
        },
        null,
        null
    ],
    "config__algorithm__validate_regions": [
        null,
        {
            "class": "File",
            "location": "../data/7b/7b9b8000707147addea362bec9edd35a72599eb8",
            "size": 150,
            "basename": "variant_regions-bam.bed",
            "nameroot": "variant_regions-bam",
            "nameext": ".bed",
            "checksum": "sha1$7b9b8000707147addea362bec9edd35a72599eb8"
        },
        null,
        null
    ],
    "config__algorithm__variant_regions": [
        null,
        {
            "class": "File",
            "location": "../data/7b/7b9b8000707147addea362bec9edd35a72599eb8",
            "size": 150,
            "basename": "variant_regions-bam.bed",
            "nameroot": "variant_regions-bam",
            "nameext": ".bed",
            "checksum": "sha1$7b9b8000707147addea362bec9edd35a72599eb8"
        },
        null,
        null
    ],
    "config__algorithm__variantcaller": [
        null,
        [
            "germline:freebayes",
            "somatic:vardict",
            "somatic:strelka2",
            "somatic:mutect2"
        ],
        [
            "germline:freebayes",
            "somatic:vardict",
            "somatic:strelka2",
            "somatic:mutect2"
        ],
        [
            "vardict"
        ]
    ],
    "config__algorithm__vcfanno": [
        [],
        [
            {
                "class": "File",
                "location": "../data/7e/7e62a6c185368222411bbbc5f1dab016246eb658",
                "size": 3119,
                "basename": "gemini.conf",
                "nameroot": "gemini",
                "nameext": ".conf",
                "checksum": "sha1$7e62a6c185368222411bbbc5f1dab016246eb658"
            },
            {
                "class": "File",
                "location": "../data/f4/f43bd0856cc7ad27d3ffd9588fe3266f8cdf9efc",
                "size": 3503,
                "basename": "gemini.lua",
                "nameroot": "gemini",
                "nameext": ".lua",
                "checksum": "sha1$f43bd0856cc7ad27d3ffd9588fe3266f8cdf9efc"
            },
            {
                "class": "File",
                "location": "../data/8f/8f026a88c2b889f646f64e418f587a76d5f39d4d",
                "size": 777,
                "basename": "somatic.conf",
                "nameroot": "somatic",
                "nameext": ".conf",
                "checksum": "sha1$8f026a88c2b889f646f64e418f587a76d5f39d4d"
            }
        ],
        [
            {
                "class": "File",
                "location": "../data/7e/7e62a6c185368222411bbbc5f1dab016246eb658",
                "size": 3119,
                "basename": "gemini.conf",
                "nameroot": "gemini",
                "nameext": ".conf",
                "checksum": "sha1$7e62a6c185368222411bbbc5f1dab016246eb658"
            },
            {
                "class": "File",
                "location": "../data/f4/f43bd0856cc7ad27d3ffd9588fe3266f8cdf9efc",
                "size": 3503,
                "basename": "gemini.lua",
                "nameroot": "gemini",
                "nameext": ".lua",
                "checksum": "sha1$f43bd0856cc7ad27d3ffd9588fe3266f8cdf9efc"
            }
        ],
        [
            {
                "class": "File",
                "location": "../data/7e/7e62a6c185368222411bbbc5f1dab016246eb658",
                "size": 3119,
                "basename": "gemini.conf",
                "nameroot": "gemini",
                "nameext": ".conf",
                "checksum": "sha1$7e62a6c185368222411bbbc5f1dab016246eb658"
            },
            {
                "class": "File",
                "location": "../data/f4/f43bd0856cc7ad27d3ffd9588fe3266f8cdf9efc",
                "size": 3503,
                "basename": "gemini.lua",
                "nameroot": "gemini",
                "nameext": ".lua",
                "checksum": "sha1$f43bd0856cc7ad27d3ffd9588fe3266f8cdf9efc"
            },
            {
                "class": "File",
                "location": "../data/8f/8f026a88c2b889f646f64e418f587a76d5f39d4d",
                "size": 777,
                "basename": "somatic.conf",
                "nameroot": "somatic",
                "nameext": ".conf",
                "checksum": "sha1$8f026a88c2b889f646f64e418f587a76d5f39d4d"
            }
        ]
    ],
    "description": [
        "VarOnly",
        "Test2",
        "Test1",
        "Umi1"
    ],
    "files": [
        null,
        [
            {
                "class": "File",
                "location": "../data/f9/f9e8323319ff6bb9bf1cf4e8f6ecede9fdbd7e41",
                "size": 1826228,
                "basename": "7_100326_FC6107FAAXX_1.fq.gz",
                "nameroot": "7_100326_FC6107FAAXX_1.fq",
                "nameext": ".gz",
                "checksum": "sha1$f9e8323319ff6bb9bf1cf4e8f6ecede9fdbd7e41"
            },
            {
                "class": "File",
                "location": "../data/f1/f1d3dc61703f70a8b0419455bbd2ba5d1ed9eb6b",
                "size": 1762802,
                "basename": "7_100326_FC6107FAAXX_2.fq.gz",
                "nameroot": "7_100326_FC6107FAAXX_2.fq",
                "nameext": ".gz",
                "checksum": "sha1$f1d3dc61703f70a8b0419455bbd2ba5d1ed9eb6b"
            }
        ],
        [
            {
                "class": "File",
                "location": "../data/62/629a1fcf47dfc625e4d6aed097aedc563c9efdbd",
                "size": 3363919,
                "basename": "6_100326_FC6107FAAXX.bam",
                "nameroot": "6_100326_FC6107FAAXX",
                "nameext": ".bam",
                "checksum": "sha1$629a1fcf47dfc625e4d6aed097aedc563c9efdbd"
            }
        ],
        [
            {
                "class": "File",
                "location": "../data/3e/3ebd32c44716e6041461ea80a54b81593242d827",
                "size": 2599489,
                "basename": "7_wumis_R1.fq.gz",
                "nameroot": "7_wumis_R1.fq",
                "nameext": ".gz",
                "checksum": "sha1$3ebd32c44716e6041461ea80a54b81593242d827"
            },
            {
                "class": "File",
                "location": "../data/f4/f47093948d5035c05ffb171bd600d7a9c1136644",
                "size": 2523589,
                "basename": "7_wumis_R2.fq.gz",
                "nameroot": "7_wumis_R2.fq",
                "nameext": ".gz",
                "checksum": "sha1$f47093948d5035c05ffb171bd600d7a9c1136644"
            }
        ]
    ],
    "genome_build": [
        "hg19",
        "hg19",
        "hg19",
        "hg19"
    ],
    "genome_resources__aliases__ensembl": [
        "homo_sapiens_vep_83_GRCh37",
        "homo_sapiens_vep_83_GRCh37",
        "homo_sapiens_vep_83_GRCh37",
        "homo_sapiens_vep_83_GRCh37"
    ],
    "genome_resources__aliases__human": [
        "True",
        "True",
        "True",
        "True"
    ],
    "genome_resources__aliases__snpeff": [
        "hg19",
        "hg19",
        "hg19",
        "hg19"
    ],
    "genome_resources__rnaseq__gene_bed": [
        {
            "class": "File",
            "location": "../data/fb/fb4acdb87d0295571825fa9f0080354dbc344156",
            "size": 1319,
            "basename": "ref-transcripts.bed",
            "nameroot": "ref-transcripts",
            "nameext": ".bed",
            "checksum": "sha1$fb4acdb87d0295571825fa9f0080354dbc344156"
        },
        {
            "class": "File",
            "location": "../data/fb/fb4acdb87d0295571825fa9f0080354dbc344156",
            "size": 1319,
            "basename": "ref-transcripts.bed",
            "nameroot": "ref-transcripts",
            "nameext": ".bed",
            "checksum": "sha1$fb4acdb87d0295571825fa9f0080354dbc344156"
        },
        {
            "class": "File",
            "location": "../data/fb/fb4acdb87d0295571825fa9f0080354dbc344156",
            "size": 1319,
            "basename": "ref-transcripts.bed",
            "nameroot": "ref-transcripts",
            "nameext": ".bed",
            "checksum": "sha1$fb4acdb87d0295571825fa9f0080354dbc344156"
        },
        {
            "class": "File",
            "location": "../data/fb/fb4acdb87d0295571825fa9f0080354dbc344156",
            "size": 1319,
            "basename": "ref-transcripts.bed",
            "nameroot": "ref-transcripts",
            "nameext": ".bed",
            "checksum": "sha1$fb4acdb87d0295571825fa9f0080354dbc344156"
        }
    ],
    "genome_resources__variation__1000g": [
        {
            "class": "File",
            "secondaryFiles": [
                {
                    "class": "File",
                    "location": "../data/31/3164c412e295c662af83410799b80b25a64669d8",
                    "size": 156,
                    "basename": "1000g.vcf.gz.tbi",
                    "nameroot": "1000g.vcf.gz",
                    "nameext": ".tbi",
                    "checksum": "sha1$3164c412e295c662af83410799b80b25a64669d8"
                }
            ],
            "location": "../data/61/61d4a9cf07b0e1941a720900c2d9ea734266bd48",
            "size": 8549,
            "basename": "1000g.vcf.gz",
            "nameroot": "1000g.vcf",
            "nameext": ".gz",
            "checksum": "sha1$61d4a9cf07b0e1941a720900c2d9ea734266bd48"
        },
        {
            "class": "File",
            "secondaryFiles": [
                {
                    "class": "File",
                    "location": "../data/31/3164c412e295c662af83410799b80b25a64669d8",
                    "size": 156,
                    "basename": "1000g.vcf.gz.tbi",
                    "nameroot": "1000g.vcf.gz",
                    "nameext": ".tbi",
                    "checksum": "sha1$3164c412e295c662af83410799b80b25a64669d8"
                }
            ],
            "location": "../data/61/61d4a9cf07b0e1941a720900c2d9ea734266bd48",
            "size": 8549,
            "basename": "1000g.vcf.gz",
            "nameroot": "1000g.vcf",
            "nameext": ".gz",
            "checksum": "sha1$61d4a9cf07b0e1941a720900c2d9ea734266bd48"
        },
        {
            "class": "File",
            "secondaryFiles": [
                {
                    "class": "File",
                    "location": "../data/31/3164c412e295c662af83410799b80b25a64669d8",
                    "size": 156,
                    "basename": "1000g.vcf.gz.tbi",
                    "nameroot": "1000g.vcf.gz",
                    "nameext": ".tbi",
                    "checksum": "sha1$3164c412e295c662af83410799b80b25a64669d8"
                }
            ],
            "location": "../data/61/61d4a9cf07b0e1941a720900c2d9ea734266bd48",
            "size": 8549,
            "basename": "1000g.vcf.gz",
            "nameroot": "1000g.vcf",
            "nameext": ".gz",
            "checksum": "sha1$61d4a9cf07b0e1941a720900c2d9ea734266bd48"
        },
        {
            "class": "File",
            "secondaryFiles": [
                {
                    "class": "File",
                    "location": "../data/31/3164c412e295c662af83410799b80b25a64669d8",
                    "size": 156,
                    "basename": "1000g.vcf.gz.tbi",
                    "nameroot": "1000g.vcf.gz",
                    "nameext": ".tbi",
                    "checksum": "sha1$3164c412e295c662af83410799b80b25a64669d8"
                }
            ],
            "location": "../data/61/61d4a9cf07b0e1941a720900c2d9ea734266bd48",
            "size": 8549,
            "basename": "1000g.vcf.gz",
            "nameroot": "1000g.vcf",
            "nameext": ".gz",
            "checksum": "sha1$61d4a9cf07b0e1941a720900c2d9ea734266bd48"
        }
    ],
    "genome_resources__variation__clinvar": [
        {
            "class": "File",
            "secondaryFiles": [
                {
                    "class": "File",
                    "location": "../data/44/44ca684bcd38224681bbab8a4f20d4e0c5e1ae2b",
                    "size": 470,
                    "basename": "clinvar.vcf.gz.tbi",
                    "nameroot": "clinvar.vcf.gz",
                    "nameext": ".tbi",
                    "checksum": "sha1$44ca684bcd38224681bbab8a4f20d4e0c5e1ae2b"
                }
            ],
            "location": "../data/4e/4ebb2539c76e2febe872d389267ad5f453666391",
            "size": 20656,
            "basename": "clinvar.vcf.gz",
            "nameroot": "clinvar.vcf",
            "nameext": ".gz",
            "checksum": "sha1$4ebb2539c76e2febe872d389267ad5f453666391"
        },
        {
            "class": "File",
            "secondaryFiles": [
                {
                    "class": "File",
                    "location": "../data/44/44ca684bcd38224681bbab8a4f20d4e0c5e1ae2b",
                    "size": 470,
                    "basename": "clinvar.vcf.gz.tbi",
                    "nameroot": "clinvar.vcf.gz",
                    "nameext": ".tbi",
                    "checksum": "sha1$44ca684bcd38224681bbab8a4f20d4e0c5e1ae2b"
                }
            ],
            "location": "../data/4e/4ebb2539c76e2febe872d389267ad5f453666391",
            "size": 20656,
            "basename": "clinvar.vcf.gz",
            "nameroot": "clinvar.vcf",
            "nameext": ".gz",
            "checksum": "sha1$4ebb2539c76e2febe872d389267ad5f453666391"
        },
        {
            "class": "File",
            "secondaryFiles": [
                {
                    "class": "File",
                    "location": "../data/44/44ca684bcd38224681bbab8a4f20d4e0c5e1ae2b",
                    "size": 470,
                    "basename": "clinvar.vcf.gz.tbi",
                    "nameroot": "clinvar.vcf.gz",
                    "nameext": ".tbi",
                    "checksum": "sha1$44ca684bcd38224681bbab8a4f20d4e0c5e1ae2b"
                }
            ],
            "location": "../data/4e/4ebb2539c76e2febe872d389267ad5f453666391",
            "size": 20656,
            "basename": "clinvar.vcf.gz",
            "nameroot": "clinvar.vcf",
            "nameext": ".gz",
            "checksum": "sha1$4ebb2539c76e2febe872d389267ad5f453666391"
        },
        {
            "class": "File",
            "secondaryFiles": [
                {
                    "class": "File",
                    "location": "../data/44/44ca684bcd38224681bbab8a4f20d4e0c5e1ae2b",
                    "size": 470,
                    "basename": "clinvar.vcf.gz.tbi",
                    "nameroot": "clinvar.vcf.gz",
                    "nameext": ".tbi",
                    "checksum": "sha1$44ca684bcd38224681bbab8a4f20d4e0c5e1ae2b"
                }
            ],
            "location": "../data/4e/4ebb2539c76e2febe872d389267ad5f453666391",
            "size": 20656,
            "basename": "clinvar.vcf.gz",
            "nameroot": "clinvar.vcf",
            "nameext": ".gz",
            "checksum": "sha1$4ebb2539c76e2febe872d389267ad5f453666391"
        }
    ],
    "genome_resources__variation__cosmic": [
        {
            "class": "File",
            "secondaryFiles": [
                {
                    "class": "File",
                    "location": "../data/4c/4cc3abb50e105a332eab380a74fc0f67ce1446d6",
                    "size": 106,
                    "basename": "cosmic.vcf.gz.tbi",
                    "nameroot": "cosmic.vcf.gz",
                    "nameext": ".tbi",
                    "checksum": "sha1$4cc3abb50e105a332eab380a74fc0f67ce1446d6"
                }
            ],
            "location": "../data/74/74e3573eef429a2346029392f8954b54d0dbc986",
            "size": 9420,
            "basename": "cosmic.vcf.gz",
            "nameroot": "cosmic.vcf",
            "nameext": ".gz",
            "checksum": "sha1$74e3573eef429a2346029392f8954b54d0dbc986"
        },
        {
            "class": "File",
            "secondaryFiles": [
                {
                    "class": "File",
                    "location": "../data/4c/4cc3abb50e105a332eab380a74fc0f67ce1446d6",
                    "size": 106,
                    "basename": "cosmic.vcf.gz.tbi",
                    "nameroot": "cosmic.vcf.gz",
                    "nameext": ".tbi",
                    "checksum": "sha1$4cc3abb50e105a332eab380a74fc0f67ce1446d6"
                }
            ],
            "location": "../data/74/74e3573eef429a2346029392f8954b54d0dbc986",
            "size": 9420,
            "basename": "cosmic.vcf.gz",
            "nameroot": "cosmic.vcf",
            "nameext": ".gz",
            "checksum": "sha1$74e3573eef429a2346029392f8954b54d0dbc986"
        },
        {
            "class": "File",
            "secondaryFiles": [
                {
                    "class": "File",
                    "location": "../data/4c/4cc3abb50e105a332eab380a74fc0f67ce1446d6",
                    "size": 106,
                    "basename": "cosmic.vcf.gz.tbi",
                    "nameroot": "cosmic.vcf.gz",
                    "nameext": ".tbi",
                    "checksum": "sha1$4cc3abb50e105a332eab380a74fc0f67ce1446d6"
                }
            ],
            "location": "../data/74/74e3573eef429a2346029392f8954b54d0dbc986",
            "size": 9420,
            "basename": "cosmic.vcf.gz",
            "nameroot": "cosmic.vcf",
            "nameext": ".gz",
            "checksum": "sha1$74e3573eef429a2346029392f8954b54d0dbc986"
        },
        {
            "class": "File",
            "secondaryFiles": [
                {
                    "class": "File",
                    "location": "../data/4c/4cc3abb50e105a332eab380a74fc0f67ce1446d6",
                    "size": 106,
                    "basename": "cosmic.vcf.gz.tbi",
                    "nameroot": "cosmic.vcf.gz",
                    "nameext": ".tbi",
                    "checksum": "sha1$4cc3abb50e105a332eab380a74fc0f67ce1446d6"
                }
            ],
            "location": "../data/74/74e3573eef429a2346029392f8954b54d0dbc986",
            "size": 9420,
            "basename": "cosmic.vcf.gz",
            "nameroot": "cosmic.vcf",
            "nameext": ".gz",
            "checksum": "sha1$74e3573eef429a2346029392f8954b54d0dbc986"
        }
    ],
    "genome_resources__variation__dbsnp": [
        {
            "class": "File",
            "secondaryFiles": [
                {
                    "class": "File",
                    "location": "../data/91/91cc2a538d4c72feb8433a40a274837cea4e5a0c",
                    "size": 108,
                    "basename": "dbsnp.vcf.gz.tbi",
                    "nameroot": "dbsnp.vcf.gz",
                    "nameext": ".tbi",
                    "checksum": "sha1$91cc2a538d4c72feb8433a40a274837cea4e5a0c"
                }
            ],
            "location": "../data/be/bee6094b8984f5dccc41692c06f5dd6c3562e44e",
            "size": 11449,
            "basename": "dbsnp.vcf.gz",
            "nameroot": "dbsnp.vcf",
            "nameext": ".gz",
            "checksum": "sha1$bee6094b8984f5dccc41692c06f5dd6c3562e44e"
        },
        {
            "class": "File",
            "secondaryFiles": [
                {
                    "class": "File",
                    "location": "../data/91/91cc2a538d4c72feb8433a40a274837cea4e5a0c",
                    "size": 108,
                    "basename": "dbsnp.vcf.gz.tbi",
                    "nameroot": "dbsnp.vcf.gz",
                    "nameext": ".tbi",
                    "checksum": "sha1$91cc2a538d4c72feb8433a40a274837cea4e5a0c"
                }
            ],
            "location": "../data/be/bee6094b8984f5dccc41692c06f5dd6c3562e44e",
            "size": 11449,
            "basename": "dbsnp.vcf.gz",
            "nameroot": "dbsnp.vcf",
            "nameext": ".gz",
            "checksum": "sha1$bee6094b8984f5dccc41692c06f5dd6c3562e44e"
        },
        {
            "class": "File",
            "secondaryFiles": [
                {
                    "class": "File",
                    "location": "../data/91/91cc2a538d4c72feb8433a40a274837cea4e5a0c",
                    "size": 108,
                    "basename": "dbsnp.vcf.gz.tbi",
                    "nameroot": "dbsnp.vcf.gz",
                    "nameext": ".tbi",
                    "checksum": "sha1$91cc2a538d4c72feb8433a40a274837cea4e5a0c"
                }
            ],
            "location": "../data/be/bee6094b8984f5dccc41692c06f5dd6c3562e44e",
            "size": 11449,
            "basename": "dbsnp.vcf.gz",
            "nameroot": "dbsnp.vcf",
            "nameext": ".gz",
            "checksum": "sha1$bee6094b8984f5dccc41692c06f5dd6c3562e44e"
        },
        {
            "class": "File",
            "secondaryFiles": [
                {
                    "class": "File",
                    "location": "../data/91/91cc2a538d4c72feb8433a40a274837cea4e5a0c",
                    "size": 108,
                    "basename": "dbsnp.vcf.gz.tbi",
                    "nameroot": "dbsnp.vcf.gz",
                    "nameext": ".tbi",
                    "checksum": "sha1$91cc2a538d4c72feb8433a40a274837cea4e5a0c"
                }
            ],
            "location": "../data/be/bee6094b8984f5dccc41692c06f5dd6c3562e44e",
            "size": 11449,
            "basename": "dbsnp.vcf.gz",
            "nameroot": "dbsnp.vcf",
            "nameext": ".gz",
            "checksum": "sha1$bee6094b8984f5dccc41692c06f5dd6c3562e44e"
        }
    ],
    "genome_resources__variation__encode_blacklist": [
        null,
        null,
        null,
        null
    ],
    "genome_resources__variation__esp": [
        {
            "class": "File",
            "secondaryFiles": [
                {
                    "class": "File",
                    "location": "../data/1e/1e0833df42184d77769b304b990b6106a9afa9a6",
                    "size": 333,
                    "basename": "esp.vcf.gz.tbi",
                    "nameroot": "esp.vcf.gz",
                    "nameext": ".tbi",
                    "checksum": "sha1$1e0833df42184d77769b304b990b6106a9afa9a6"
                }
            ],
            "location": "../data/b7/b70bc2792ac151b42d74e88125d57d7143bb13a7",
            "size": 36318,
            "basename": "esp.vcf.gz",
            "nameroot": "esp.vcf",
            "nameext": ".gz",
            "checksum": "sha1$b70bc2792ac151b42d74e88125d57d7143bb13a7"
        },
        {
            "class": "File",
            "secondaryFiles": [
                {
                    "class": "File",
                    "location": "../data/1e/1e0833df42184d77769b304b990b6106a9afa9a6",
                    "size": 333,
                    "basename": "esp.vcf.gz.tbi",
                    "nameroot": "esp.vcf.gz",
                    "nameext": ".tbi",
                    "checksum": "sha1$1e0833df42184d77769b304b990b6106a9afa9a6"
                }
            ],
            "location": "../data/b7/b70bc2792ac151b42d74e88125d57d7143bb13a7",
            "size": 36318,
            "basename": "esp.vcf.gz",
            "nameroot": "esp.vcf",
            "nameext": ".gz",
            "checksum": "sha1$b70bc2792ac151b42d74e88125d57d7143bb13a7"
        },
        {
            "class": "File",
            "secondaryFiles": [
                {
                    "class": "File",
                    "location": "../data/1e/1e0833df42184d77769b304b990b6106a9afa9a6",
                    "size": 333,
                    "basename": "esp.vcf.gz.tbi",
                    "nameroot": "esp.vcf.gz",
                    "nameext": ".tbi",
                    "checksum": "sha1$1e0833df42184d77769b304b990b6106a9afa9a6"
                }
            ],
            "location": "../data/b7/b70bc2792ac151b42d74e88125d57d7143bb13a7",
            "size": 36318,
            "basename": "esp.vcf.gz",
            "nameroot": "esp.vcf",
            "nameext": ".gz",
            "checksum": "sha1$b70bc2792ac151b42d74e88125d57d7143bb13a7"
        },
        {
            "class": "File",
            "secondaryFiles": [
                {
                    "class": "File",
                    "location": "../data/1e/1e0833df42184d77769b304b990b6106a9afa9a6",
                    "size": 333,
                    "basename": "esp.vcf.gz.tbi",
                    "nameroot": "esp.vcf.gz",
                    "nameext": ".tbi",
                    "checksum": "sha1$1e0833df42184d77769b304b990b6106a9afa9a6"
                }
            ],
            "location": "../data/b7/b70bc2792ac151b42d74e88125d57d7143bb13a7",
            "size": 36318,
            "basename": "esp.vcf.gz",
            "nameroot": "esp.vcf",
            "nameext": ".gz",
            "checksum": "sha1$b70bc2792ac151b42d74e88125d57d7143bb13a7"
        }
    ],
    "genome_resources__variation__exac": [
        {
            "class": "File",
            "secondaryFiles": [
                {
                    "class": "File",
                    "location": "../data/6d/6db55bafa9931647c50ebe2ad349e63973d0cf68",
                    "size": 189,
                    "basename": "exac.vcf.gz.tbi",
                    "nameroot": "exac.vcf.gz",
                    "nameext": ".tbi",
                    "checksum": "sha1$6db55bafa9931647c50ebe2ad349e63973d0cf68"
                }
            ],
            "location": "../data/9b/9ba893f85efed1b3c9443f54e609ac47935d1ff7",
            "size": 78746,
            "basename": "exac.vcf.gz",
            "nameroot": "exac.vcf",
            "nameext": ".gz",
            "checksum": "sha1$9ba893f85efed1b3c9443f54e609ac47935d1ff7"
        },
        {
            "class": "File",
            "secondaryFiles": [
                {
                    "class": "File",
                    "location": "../data/6d/6db55bafa9931647c50ebe2ad349e63973d0cf68",
                    "size": 189,
                    "basename": "exac.vcf.gz.tbi",
                    "nameroot": "exac.vcf.gz",
                    "nameext": ".tbi",
                    "checksum": "sha1$6db55bafa9931647c50ebe2ad349e63973d0cf68"
                }
            ],
            "location": "../data/9b/9ba893f85efed1b3c9443f54e609ac47935d1ff7",
            "size": 78746,
            "basename": "exac.vcf.gz",
            "nameroot": "exac.vcf",
            "nameext": ".gz",
            "checksum": "sha1$9ba893f85efed1b3c9443f54e609ac47935d1ff7"
        },
        {
            "class": "File",
            "secondaryFiles": [
                {
                    "class": "File",
                    "location": "../data/6d/6db55bafa9931647c50ebe2ad349e63973d0cf68",
                    "size": 189,
                    "basename": "exac.vcf.gz.tbi",
                    "nameroot": "exac.vcf.gz",
                    "nameext": ".tbi",
                    "checksum": "sha1$6db55bafa9931647c50ebe2ad349e63973d0cf68"
                }
            ],
            "location": "../data/9b/9ba893f85efed1b3c9443f54e609ac47935d1ff7",
            "size": 78746,
            "basename": "exac.vcf.gz",
            "nameroot": "exac.vcf",
            "nameext": ".gz",
            "checksum": "sha1$9ba893f85efed1b3c9443f54e609ac47935d1ff7"
        },
        {
            "class": "File",
            "secondaryFiles": [
                {
                    "class": "File",
                    "location": "../data/6d/6db55bafa9931647c50ebe2ad349e63973d0cf68",
                    "size": 189,
                    "basename": "exac.vcf.gz.tbi",
                    "nameroot": "exac.vcf.gz",
                    "nameext": ".tbi",
                    "checksum": "sha1$6db55bafa9931647c50ebe2ad349e63973d0cf68"
                }
            ],
            "location": "../data/9b/9ba893f85efed1b3c9443f54e609ac47935d1ff7",
            "size": 78746,
            "basename": "exac.vcf.gz",
            "nameroot": "exac.vcf",
            "nameext": ".gz",
            "checksum": "sha1$9ba893f85efed1b3c9443f54e609ac47935d1ff7"
        }
    ],
    "genome_resources__variation__lcr": [
        null,
        null,
        null,
        null
    ],
    "genome_resources__variation__polyx": [
        null,
        null,
        null,
        null
    ],
    "genome_resources__variation__train_hapmap": [
        {
            "class": "File",
            "secondaryFiles": [
                {
                    "class": "File",
                    "location": "../data/52/524b482822b7846038d726f710eefef4723e0904",
                    "size": 72,
                    "basename": "hapmap_3.3.vcf.gz.tbi",
                    "nameroot": "hapmap_3.3.vcf.gz",
                    "nameext": ".tbi",
                    "checksum": "sha1$524b482822b7846038d726f710eefef4723e0904"
                }
            ],
            "location": "../data/24/2486c5cf5f46de97d1a627364961d15211009160",
            "size": 1028,
            "basename": "hapmap_3.3.vcf.gz",
            "nameroot": "hapmap_3.3.vcf",
            "nameext": ".gz",
            "checksum": "sha1$2486c5cf5f46de97d1a627364961d15211009160"
        },
        {
            "class": "File",
            "secondaryFiles": [
                {
                    "class": "File",
                    "location": "../data/52/524b482822b7846038d726f710eefef4723e0904",
                    "size": 72,
                    "basename": "hapmap_3.3.vcf.gz.tbi",
                    "nameroot": "hapmap_3.3.vcf.gz",
                    "nameext": ".tbi",
                    "checksum": "sha1$524b482822b7846038d726f710eefef4723e0904"
                }
            ],
            "location": "../data/24/2486c5cf5f46de97d1a627364961d15211009160",
            "size": 1028,
            "basename": "hapmap_3.3.vcf.gz",
            "nameroot": "hapmap_3.3.vcf",
            "nameext": ".gz",
            "checksum": "sha1$2486c5cf5f46de97d1a627364961d15211009160"
        },
        {
            "class": "File",
            "secondaryFiles": [
                {
                    "class": "File",
                    "location": "../data/52/524b482822b7846038d726f710eefef4723e0904",
                    "size": 72,
                    "basename": "hapmap_3.3.vcf.gz.tbi",
                    "nameroot": "hapmap_3.3.vcf.gz",
                    "nameext": ".tbi",
                    "checksum": "sha1$524b482822b7846038d726f710eefef4723e0904"
                }
            ],
            "location": "../data/24/2486c5cf5f46de97d1a627364961d15211009160",
            "size": 1028,
            "basename": "hapmap_3.3.vcf.gz",
            "nameroot": "hapmap_3.3.vcf",
            "nameext": ".gz",
            "checksum": "sha1$2486c5cf5f46de97d1a627364961d15211009160"
        },
        {
            "class": "File",
            "secondaryFiles": [
                {
                    "class": "File",
                    "location": "../data/52/524b482822b7846038d726f710eefef4723e0904",
                    "size": 72,
                    "basename": "hapmap_3.3.vcf.gz.tbi",
                    "nameroot": "hapmap_3.3.vcf.gz",
                    "nameext": ".tbi",
                    "checksum": "sha1$524b482822b7846038d726f710eefef4723e0904"
                }
            ],
            "location": "../data/24/2486c5cf5f46de97d1a627364961d15211009160",
            "size": 1028,
            "basename": "hapmap_3.3.vcf.gz",
            "nameroot": "hapmap_3.3.vcf",
            "nameext": ".gz",
            "checksum": "sha1$2486c5cf5f46de97d1a627364961d15211009160"
        }
    ],
    "genome_resources__variation__train_indels": [
        {
            "class": "File",
            "secondaryFiles": [
                {
                    "class": "File",
                    "location": "../data/52/524b482822b7846038d726f710eefef4723e0904",
                    "size": 72,
                    "basename": "Mills_Devine_2hit.indels.vcf.gz.tbi",
                    "nameroot": "Mills_Devine_2hit.indels.vcf.gz",
                    "nameext": ".tbi",
                    "checksum": "sha1$524b482822b7846038d726f710eefef4723e0904"
                }
            ],
            "location": "../data/1a/1a13f4cc6f2d36f4b60d2411a73e6099b9e4b28b",
            "size": 1135,
            "basename": "Mills_Devine_2hit.indels.vcf.gz",
            "nameroot": "Mills_Devine_2hit.indels.vcf",
            "nameext": ".gz",
            "checksum": "sha1$1a13f4cc6f2d36f4b60d2411a73e6099b9e4b28b"
        },
        {
            "class": "File",
            "secondaryFiles": [
                {
                    "class": "File",
                    "location": "../data/52/524b482822b7846038d726f710eefef4723e0904",
                    "size": 72,
                    "basename": "Mills_Devine_2hit.indels.vcf.gz.tbi",
                    "nameroot": "Mills_Devine_2hit.indels.vcf.gz",
                    "nameext": ".tbi",
                    "checksum": "sha1$524b482822b7846038d726f710eefef4723e0904"
                }
            ],
            "location": "../data/1a/1a13f4cc6f2d36f4b60d2411a73e6099b9e4b28b",
            "size": 1135,
            "basename": "Mills_Devine_2hit.indels.vcf.gz",
            "nameroot": "Mills_Devine_2hit.indels.vcf",
            "nameext": ".gz",
            "checksum": "sha1$1a13f4cc6f2d36f4b60d2411a73e6099b9e4b28b"
        },
        {
            "class": "File",
            "secondaryFiles": [
                {
                    "class": "File",
                    "location": "../data/52/524b482822b7846038d726f710eefef4723e0904",
                    "size": 72,
                    "basename": "Mills_Devine_2hit.indels.vcf.gz.tbi",
                    "nameroot": "Mills_Devine_2hit.indels.vcf.gz",
                    "nameext": ".tbi",
                    "checksum": "sha1$524b482822b7846038d726f710eefef4723e0904"
                }
            ],
            "location": "../data/1a/1a13f4cc6f2d36f4b60d2411a73e6099b9e4b28b",
            "size": 1135,
            "basename": "Mills_Devine_2hit.indels.vcf.gz",
            "nameroot": "Mills_Devine_2hit.indels.vcf",
            "nameext": ".gz",
            "checksum": "sha1$1a13f4cc6f2d36f4b60d2411a73e6099b9e4b28b"
        },
        {
            "class": "File",
            "secondaryFiles": [
                {
                    "class": "File",
                    "location": "../data/52/524b482822b7846038d726f710eefef4723e0904",
                    "size": 72,
                    "basename": "Mills_Devine_2hit.indels.vcf.gz.tbi",
                    "nameroot": "Mills_Devine_2hit.indels.vcf.gz",
                    "nameext": ".tbi",
                    "checksum": "sha1$524b482822b7846038d726f710eefef4723e0904"
                }
            ],
            "location": "../data/1a/1a13f4cc6f2d36f4b60d2411a73e6099b9e4b28b",
            "size": 1135,
            "basename": "Mills_Devine_2hit.indels.vcf.gz",
            "nameroot": "Mills_Devine_2hit.indels.vcf",
            "nameext": ".gz",
            "checksum": "sha1$1a13f4cc6f2d36f4b60d2411a73e6099b9e4b28b"
        }
    ],
    "metadata__batch": [
        "b1",
        "b1",
        "b1",
        "b2"
    ],
    "metadata__phenotype": [
        "",
        "tumor",
        "normal",
        "tumor"
    ],
    "reference__bwa__indexes": [
        null,
        {
            "class": "File",
            "secondaryFiles": [
                {
                    "class": "File",
                    "location": "../data/2b/2b6fb1bb71c10ffda852f3e4988cb0bdd24ebf9c",
                    "size": 64,
                    "basename": "hg19.fa.ann",
                    "nameroot": "hg19.fa",
                    "nameext": ".ann",
                    "checksum": "sha1$2b6fb1bb71c10ffda852f3e4988cb0bdd24ebf9c"
                },
                {
                    "class": "File",
                    "location": "../data/c4/c4068635c6b5d33b2e64931ef056c26cca88f660",
                    "size": 36664,
                    "basename": "hg19.fa.bwt",
                    "nameroot": "hg19.fa",
                    "nameext": ".bwt",
                    "checksum": "sha1$c4068635c6b5d33b2e64931ef056c26cca88f660"
                },
                {
                    "class": "File",
                    "location": "../data/6d/6db9e9d10fd79f63c7f4be4f514244052c65b628",
                    "size": 9145,
                    "basename": "hg19.fa.pac",
                    "nameroot": "hg19.fa",
                    "nameext": ".pac",
                    "checksum": "sha1$6db9e9d10fd79f63c7f4be4f514244052c65b628"
                },
                {
                    "class": "File",
                    "location": "../data/41/41af3bc76675641360d4817ffc77b99213126938",
                    "size": 18336,
                    "basename": "hg19.fa.sa",
                    "nameroot": "hg19.fa",
                    "nameext": ".sa",
                    "checksum": "sha1$41af3bc76675641360d4817ffc77b99213126938"
                }
            ],
            "location": "../data/22/22ec87b283d1a354733eb33eaa632ee04542bbad",
            "size": 10,
            "basename": "hg19.fa.amb",
            "nameroot": "hg19.fa",
            "nameext": ".amb",
            "checksum": "sha1$22ec87b283d1a354733eb33eaa632ee04542bbad"
        },
        null,
        null
    ],
    "reference__fasta__base": [
        {
            "class": "File",
            "secondaryFiles": [
                {
                    "class": "File",
                    "location": "../data/f2/f2e30d7e4f304ffd45ddd3cc26441434df8bf5fe",
                    "size": 43,
                    "basename": "hg19.fa.fai",
                    "nameroot": "hg19.fa",
                    "nameext": ".fai",
                    "checksum": "sha1$f2e30d7e4f304ffd45ddd3cc26441434df8bf5fe"
                },
                {
                    "class": "File",
                    "location": "../data/d8/d8584a6cb5bcdc476b4577bf89a25e215ca61449",
                    "size": 292,
                    "basename": "hg19.dict",
                    "nameroot": "hg19",
                    "nameext": ".dict",
                    "checksum": "sha1$d8584a6cb5bcdc476b4577bf89a25e215ca61449"
                }
            ],
            "location": "../data/e2/e2ca54abb52ba4013b16f3f31d4083b8bf6de054",
            "size": 37196,
            "basename": "hg19.fa",
            "nameroot": "hg19",
            "nameext": ".fa",
            "checksum": "sha1$e2ca54abb52ba4013b16f3f31d4083b8bf6de054"
        },
        {
            "class": "File",
            "secondaryFiles": [
                {
                    "class": "File",
                    "location": "../data/f2/f2e30d7e4f304ffd45ddd3cc26441434df8bf5fe",
                    "size": 43,
                    "basename": "hg19.fa.fai",
                    "nameroot": "hg19.fa",
                    "nameext": ".fai",
                    "checksum": "sha1$f2e30d7e4f304ffd45ddd3cc26441434df8bf5fe"
                },
                {
                    "class": "File",
                    "location": "../data/d8/d8584a6cb5bcdc476b4577bf89a25e215ca61449",
                    "size": 292,
                    "basename": "hg19.dict",
                    "nameroot": "hg19",
                    "nameext": ".dict",
                    "checksum": "sha1$d8584a6cb5bcdc476b4577bf89a25e215ca61449"
                }
            ],
            "location": "../data/e2/e2ca54abb52ba4013b16f3f31d4083b8bf6de054",
            "size": 37196,
            "basename": "hg19.fa",
            "nameroot": "hg19",
            "nameext": ".fa",
            "checksum": "sha1$e2ca54abb52ba4013b16f3f31d4083b8bf6de054"
        },
        {
            "class": "File",
            "secondaryFiles": [
                {
                    "class": "File",
                    "location": "../data/f2/f2e30d7e4f304ffd45ddd3cc26441434df8bf5fe",
                    "size": 43,
                    "basename": "hg19.fa.fai",
                    "nameroot": "hg19.fa",
                    "nameext": ".fai",
                    "checksum": "sha1$f2e30d7e4f304ffd45ddd3cc26441434df8bf5fe"
                },
                {
                    "class": "File",
                    "location": "../data/d8/d8584a6cb5bcdc476b4577bf89a25e215ca61449",
                    "size": 292,
                    "basename": "hg19.dict",
                    "nameroot": "hg19",
                    "nameext": ".dict",
                    "checksum": "sha1$d8584a6cb5bcdc476b4577bf89a25e215ca61449"
                }
            ],
            "location": "../data/e2/e2ca54abb52ba4013b16f3f31d4083b8bf6de054",
            "size": 37196,
            "basename": "hg19.fa",
            "nameroot": "hg19",
            "nameext": ".fa",
            "checksum": "sha1$e2ca54abb52ba4013b16f3f31d4083b8bf6de054"
        },
        {
            "class": "File",
            "secondaryFiles": [
                {
                    "class": "File",
                    "location": "../data/f2/f2e30d7e4f304ffd45ddd3cc26441434df8bf5fe",
                    "size": 43,
                    "basename": "hg19.fa.fai",
                    "nameroot": "hg19.fa",
                    "nameext": ".fai",
                    "checksum": "sha1$f2e30d7e4f304ffd45ddd3cc26441434df8bf5fe"
                },
                {
                    "class": "File",
                    "location": "../data/d8/d8584a6cb5bcdc476b4577bf89a25e215ca61449",
                    "size": 292,
                    "basename": "hg19.dict",
                    "nameroot": "hg19",
                    "nameext": ".dict",
                    "checksum": "sha1$d8584a6cb5bcdc476b4577bf89a25e215ca61449"
                }
            ],
            "location": "../data/e2/e2ca54abb52ba4013b16f3f31d4083b8bf6de054",
            "size": 37196,
            "basename": "hg19.fa",
            "nameroot": "hg19",
            "nameext": ".fa",
            "checksum": "sha1$e2ca54abb52ba4013b16f3f31d4083b8bf6de054"
        }
    ],
    "reference__genome_context": [
        [
            {
                "class": "File",
                "secondaryFiles": [
                    {
                        "class": "File",
                        "location": "../data/f8/f81fbf648b95a7e68c49b04b2c51f0f3b0c25b3c",
                        "size": 107,
                        "basename": "test.bed.gz.tbi",
                        "nameroot": "test.bed.gz",
                        "nameext": ".tbi",
                        "checksum": "sha1$f81fbf648b95a7e68c49b04b2c51f0f3b0c25b3c"
                    }
                ],
                "location": "../data/96/9665b08171e9c42782cbc15cedf116e369315b18",
                "size": 86,
                "basename": "test.bed.gz",
                "nameroot": "test.bed",
                "nameext": ".gz",
                "checksum": "sha1$9665b08171e9c42782cbc15cedf116e369315b18"
            },
            {
                "class": "File",
                "secondaryFiles": [
                    {
                        "class": "File",
                        "location": "../data/52/5273d4cef878d49b1aaeccd150f8075697c2132b",
                        "size": 107,
                        "basename": "test2.bed.gz.tbi",
                        "nameroot": "test2.bed.gz",
                        "nameext": ".tbi",
                        "checksum": "sha1$5273d4cef878d49b1aaeccd150f8075697c2132b"
                    }
                ],
                "location": "../data/46/4617ab40525505adaaf9668d1b0b3b13e0c5b49b",
                "size": 85,
                "basename": "test2.bed.gz",
                "nameroot": "test2.bed",
                "nameext": ".gz",
                "checksum": "sha1$4617ab40525505adaaf9668d1b0b3b13e0c5b49b"
            }
        ],
        [
            {
                "class": "File",
                "secondaryFiles": [
                    {
                        "class": "File",
                        "location": "../data/f8/f81fbf648b95a7e68c49b04b2c51f0f3b0c25b3c",
                        "size": 107,
                        "basename": "test.bed.gz.tbi",
                        "nameroot": "test.bed.gz",
                        "nameext": ".tbi",
                        "checksum": "sha1$f81fbf648b95a7e68c49b04b2c51f0f3b0c25b3c"
                    }
                ],
                "location": "../data/96/9665b08171e9c42782cbc15cedf116e369315b18",
                "size": 86,
                "basename": "test.bed.gz",
                "nameroot": "test.bed",
                "nameext": ".gz",
                "checksum": "sha1$9665b08171e9c42782cbc15cedf116e369315b18"
            },
            {
                "class": "File",
                "secondaryFiles": [
                    {
                        "class": "File",
                        "location": "../data/52/5273d4cef878d49b1aaeccd150f8075697c2132b",
                        "size": 107,
                        "basename": "test2.bed.gz.tbi",
                        "nameroot": "test2.bed.gz",
                        "nameext": ".tbi",
                        "checksum": "sha1$5273d4cef878d49b1aaeccd150f8075697c2132b"
                    }
                ],
                "location": "../data/46/4617ab40525505adaaf9668d1b0b3b13e0c5b49b",
                "size": 85,
                "basename": "test2.bed.gz",
                "nameroot": "test2.bed",
                "nameext": ".gz",
                "checksum": "sha1$4617ab40525505adaaf9668d1b0b3b13e0c5b49b"
            }
        ],
        [
            {
                "class": "File",
                "secondaryFiles": [
                    {
                        "class": "File",
                        "location": "../data/f8/f81fbf648b95a7e68c49b04b2c51f0f3b0c25b3c",
                        "size": 107,
                        "basename": "test.bed.gz.tbi",
                        "nameroot": "test.bed.gz",
                        "nameext": ".tbi",
                        "checksum": "sha1$f81fbf648b95a7e68c49b04b2c51f0f3b0c25b3c"
                    }
                ],
                "location": "../data/96/9665b08171e9c42782cbc15cedf116e369315b18",
                "size": 86,
                "basename": "test.bed.gz",
                "nameroot": "test.bed",
                "nameext": ".gz",
                "checksum": "sha1$9665b08171e9c42782cbc15cedf116e369315b18"
            },
            {
                "class": "File",
                "secondaryFiles": [
                    {
                        "class": "File",
                        "location": "../data/52/5273d4cef878d49b1aaeccd150f8075697c2132b",
                        "size": 107,
                        "basename": "test2.bed.gz.tbi",
                        "nameroot": "test2.bed.gz",
                        "nameext": ".tbi",
                        "checksum": "sha1$5273d4cef878d49b1aaeccd150f8075697c2132b"
                    }
                ],
                "location": "../data/46/4617ab40525505adaaf9668d1b0b3b13e0c5b49b",
                "size": 85,
                "basename": "test2.bed.gz",
                "nameroot": "test2.bed",
                "nameext": ".gz",
                "checksum": "sha1$4617ab40525505adaaf9668d1b0b3b13e0c5b49b"
            }
        ],
        [
            {
                "class": "File",
                "secondaryFiles": [
                    {
                        "class": "File",
                        "location": "../data/f8/f81fbf648b95a7e68c49b04b2c51f0f3b0c25b3c",
                        "size": 107,
                        "basename": "test.bed.gz.tbi",
                        "nameroot": "test.bed.gz",
                        "nameext": ".tbi",
                        "checksum": "sha1$f81fbf648b95a7e68c49b04b2c51f0f3b0c25b3c"
                    }
                ],
                "location": "../data/96/9665b08171e9c42782cbc15cedf116e369315b18",
                "size": 86,
                "basename": "test.bed.gz",
                "nameroot": "test.bed",
                "nameext": ".gz",
                "checksum": "sha1$9665b08171e9c42782cbc15cedf116e369315b18"
            },
            {
                "class": "File",
                "secondaryFiles": [
                    {
                        "class": "File",
                        "location": "../data/52/5273d4cef878d49b1aaeccd150f8075697c2132b",
                        "size": 107,
                        "basename": "test2.bed.gz.tbi",
                        "nameroot": "test2.bed.gz",
                        "nameext": ".tbi",
                        "checksum": "sha1$5273d4cef878d49b1aaeccd150f8075697c2132b"
                    }
                ],
                "location": "../data/46/4617ab40525505adaaf9668d1b0b3b13e0c5b49b",
                "size": 85,
                "basename": "test2.bed.gz",
                "nameroot": "test2.bed",
                "nameext": ".gz",
                "checksum": "sha1$4617ab40525505adaaf9668d1b0b3b13e0c5b49b"
            }
        ]
    ],
    "reference__minimap2__indexes": [
        null,
        null,
        null,
        []
    ],
    "reference__rtg": [
        {
            "class": "File",
            "location": "../data/4d/4d68b43be733d177897d062ca94d28bf4da25d02",
            "size": 15820,
            "basename": "rtg--hg19.sdf-wf.tar.gz",
            "nameroot": "rtg--hg19.sdf-wf.tar",
            "nameext": ".gz",
            "checksum": "sha1$4d68b43be733d177897d062ca94d28bf4da25d02"
        },
        {
            "class": "File",
            "location": "../data/4d/4d68b43be733d177897d062ca94d28bf4da25d02",
            "size": 15820,
            "basename": "rtg--hg19.sdf-wf.tar.gz",
            "nameroot": "rtg--hg19.sdf-wf.tar",
            "nameext": ".gz",
            "checksum": "sha1$4d68b43be733d177897d062ca94d28bf4da25d02"
        },
        {
            "class": "File",
            "location": "../data/4d/4d68b43be733d177897d062ca94d28bf4da25d02",
            "size": 15820,
            "basename": "rtg--hg19.sdf-wf.tar.gz",
            "nameroot": "rtg--hg19.sdf-wf.tar",
            "nameext": ".gz",
            "checksum": "sha1$4d68b43be733d177897d062ca94d28bf4da25d02"
        },
        {
            "class": "File",
            "location": "../data/4d/4d68b43be733d177897d062ca94d28bf4da25d02",
            "size": 15820,
            "basename": "rtg--hg19.sdf-wf.tar.gz",
            "nameroot": "rtg--hg19.sdf-wf.tar",
            "nameext": ".gz",
            "checksum": "sha1$4d68b43be733d177897d062ca94d28bf4da25d02"
        }
    ],
    "reference__snpeff__hg19": [
        {
            "class": "File",
            "location": "../data/31/31d8d5e98e181273fe7ebba1c80ec4659fd25290",
            "size": 8174,
            "basename": "snpeff--hg19-wf.tar.gz",
            "nameroot": "snpeff--hg19-wf.tar",
            "nameext": ".gz",
            "checksum": "sha1$31d8d5e98e181273fe7ebba1c80ec4659fd25290"
        },
        {
            "class": "File",
            "location": "../data/31/31d8d5e98e181273fe7ebba1c80ec4659fd25290",
            "size": 8174,
            "basename": "snpeff--hg19-wf.tar.gz",
            "nameroot": "snpeff--hg19-wf.tar",
            "nameext": ".gz",
            "checksum": "sha1$31d8d5e98e181273fe7ebba1c80ec4659fd25290"
        },
        {
            "class": "File",
            "location": "../data/31/31d8d5e98e181273fe7ebba1c80ec4659fd25290",
            "size": 8174,
            "basename": "snpeff--hg19-wf.tar.gz",
            "nameroot": "snpeff--hg19-wf.tar",
            "nameext": ".gz",
            "checksum": "sha1$31d8d5e98e181273fe7ebba1c80ec4659fd25290"
        },
        {
            "class": "File",
            "location": "../data/31/31d8d5e98e181273fe7ebba1c80ec4659fd25290",
            "size": 8174,
            "basename": "snpeff--hg19-wf.tar.gz",
            "nameroot": "snpeff--hg19-wf.tar",
            "nameext": ".gz",
            "checksum": "sha1$31d8d5e98e181273fe7ebba1c80ec4659fd25290"
        }
    ],
    "reference__twobit": [
        {
            "class": "File",
            "location": "../data/21/2108f5d2c31df59868034bf8d97e1b572d563b81",
            "size": 9643,
            "basename": "hg19.2bit",
            "nameroot": "hg19",
            "nameext": ".2bit",
            "checksum": "sha1$2108f5d2c31df59868034bf8d97e1b572d563b81"
        },
        {
            "class": "File",
            "location": "../data/21/2108f5d2c31df59868034bf8d97e1b572d563b81",
            "size": 9643,
            "basename": "hg19.2bit",
            "nameroot": "hg19",
            "nameext": ".2bit",
            "checksum": "sha1$2108f5d2c31df59868034bf8d97e1b572d563b81"
        },
        {
            "class": "File",
            "location": "../data/21/2108f5d2c31df59868034bf8d97e1b572d563b81",
            "size": 9643,
            "basename": "hg19.2bit",
            "nameroot": "hg19",
            "nameext": ".2bit",
            "checksum": "sha1$2108f5d2c31df59868034bf8d97e1b572d563b81"
        },
        {
            "class": "File",
            "location": "../data/21/2108f5d2c31df59868034bf8d97e1b572d563b81",
            "size": 9643,
            "basename": "hg19.2bit",
            "nameroot": "hg19",
            "nameext": ".2bit",
            "checksum": "sha1$2108f5d2c31df59868034bf8d97e1b572d563b81"
        }
    ],
    "resources": [
        "{}",
        "{}",
        "{}",
        "{}"
    ],
    "rgnames__lane": [
        "VarOnly",
        "Test2",
        "Test1",
        "Umi1"
    ],
    "rgnames__lb": [
        null,
        null,
        null,
        null
    ],
    "rgnames__pl": [
        "illumina",
        "illumina",
        "illumina",
        "illumina"
    ],
    "rgnames__pu": [
        "VarOnly",
        "Test2",
        "Test1",
        "Umi1"
    ],
    "rgnames__rg": [
        "VarOnly",
        "Test2",
        "Test1",
        "Umi1"
    ],
    "rgnames__sample": [
        "VarOnly",
        "Test2",
        "Test1",
        "Umi1"
    ],
    "vrn_file": [
        {
            "class": "File",
            "secondaryFiles": [
                {
                    "class": "File",
                    "location": "../data/69/691d8d05115fe80ee8a73fca0d32f06453fceb7d",
                    "size": 106,
                    "basename": "7_100326_FC6107FAAXX-Test1.vcf.gz.tbi",
                    "nameroot": "7_100326_FC6107FAAXX-Test1.vcf.gz",
                    "nameext": ".tbi",
                    "checksum": "sha1$691d8d05115fe80ee8a73fca0d32f06453fceb7d"
                }
            ],
            "location": "../data/3b/3bc5ca7c757a09d0cb1675d369b5a856145e0cb1",
            "size": 700,
            "basename": "7_100326_FC6107FAAXX-Test1.vcf.gz",
            "nameroot": "7_100326_FC6107FAAXX-Test1.vcf",
            "nameext": ".gz",
            "checksum": "sha1$3bc5ca7c757a09d0cb1675d369b5a856145e0cb1"
        },
        null,
        null,
        null
    ]
}
