{
  "prefix": {
    "wfprov": "http://purl.org/wf4ever/wfprov#",
    "wfdesc": "http://purl.org/wf4ever/wfdesc#",
    "cwlprov": "https://w3id.org/cwl/prov#",
    "foaf": "http://xmlns.com/foaf/0.1/",
    "schema": "http://schema.org/",
    "orcid": "https://orcid.org/",
    "id": "urn:uuid:",
    "data": "urn:hash::sha1:",
    "sha256": "nih:sha-256;",
    "researchobject": "arcp://uuid,6c524b27-a780-41da-9861-f21ea1fe6a3e/",
    "metadata": "arcp://uuid,6c524b27-a780-41da-9861-f21ea1fe6a3e/metadata/",
    "provenance": "arcp://uuid,6c524b27-a780-41da-9861-f21ea1fe6a3e/metadata/provenance/",
    "wf": "arcp://uuid,6c524b27-a780-41da-9861-f21ea1fe6a3e/workflow/packed.cwl#",
    "input": "arcp://uuid,6c524b27-a780-41da-9861-f21ea1fe6a3e/workflow/primary-job.json#",
    "wf4ever": "http://purl.org/wf4ever/wf4ever#"
  },
  "agent": {
    "id:5491fe59-1eb8-40dc-b107-604698984c0f": {},
    "id:107e38d7-985c-4b58-864b-f9277adeedec": {
      "prov:type": [
        {
          "$": "wfprov:WorkflowEngine",
          "type": "prov:QUALIFIED_NAME"
        },
        {
          "$": "prov:SoftwareAgent",
          "type": "prov:QUALIFIED_NAME"
        }
      ],
      "prov:label": "cwltool 1.0.20180924092733"
    },
    "id:6a2d4744-e1bc-435d-a2ee-d5045581adde": {
      "prov:type": {
        "$": "prov:SoftwareAgent",
        "type": "prov:QUALIFIED_NAME"
      },
      "cwlprov:image": "quay.io/bcbio/bcbio-vc",
      "prov:label": "Container execution of image quay.io/bcbio/bcbio-vc"
    },
    "id:4becb999-4e0f-48de-9d65-f8212b1c05f4": {
      "prov:type": {
        "$": "prov:SoftwareAgent",
        "type": "prov:QUALIFIED_NAME"
      },
      "cwlprov:image": "quay.io/bcbio/bcbio-vc",
      "prov:label": "Container execution of image quay.io/bcbio/bcbio-vc"
    },
    "id:9faa3001-f689-47df-afe0-795f1e5c69f8": {
      "prov:type": {
        "$": "prov:SoftwareAgent",
        "type": "prov:QUALIFIED_NAME"
      },
      "cwlprov:image": "quay.io/bcbio/bcbio-vc",
      "prov:label": "Container execution of image quay.io/bcbio/bcbio-vc"
    },
    "id:4025e46e-ddcf-4e28-bfba-052fe3e14b08": {
      "prov:type": {
        "$": "prov:SoftwareAgent",
        "type": "prov:QUALIFIED_NAME"
      },
      "cwlprov:image": "quay.io/bcbio/bcbio-vc",
      "prov:label": "Container execution of image quay.io/bcbio/bcbio-vc"
    },
    "id:a0d6d6ac-b4b9-4d0f-8d68-7d2850f66a37": {
      "prov:type": {
        "$": "prov:SoftwareAgent",
        "type": "prov:QUALIFIED_NAME"
      },
      "cwlprov:image": "quay.io/bcbio/bcbio-vc",
      "prov:label": "Container execution of image quay.io/bcbio/bcbio-vc"
    },
    "id:45e80624-a9d2-4c9a-a18c-799fe7e445f6": {
      "prov:type": {
        "$": "prov:SoftwareAgent",
        "type": "prov:QUALIFIED_NAME"
      },
      "cwlprov:image": "quay.io/bcbio/bcbio-vc",
      "prov:label": "Container execution of image quay.io/bcbio/bcbio-vc"
    }
  },
  "wasStartedBy": {
    "_:id1": {
      "prov:activity": "id:107e38d7-985c-4b58-864b-f9277adeedec",
      "prov:starter": "id:5491fe59-1eb8-40dc-b107-604698984c0f",
      "prov:time": "2018-09-24T23:24:41.689732"
    },
    "_:id3": {
      "prov:activity": "id:6caa1136-4536-4b12-9e5f-c602b3b9889a",
      "prov:starter": "id:107e38d7-985c-4b58-864b-f9277adeedec",
      "prov:time": "2018-09-24T23:24:41.690022"
    },
    "_:id5": {
      "prov:activity": "id:95bea874-c7aa-465b-9b31-75224c77f2e9",
      "prov:starter": "id:6caa1136-4536-4b12-9e5f-c602b3b9889a",
      "prov:time": "2018-09-24T23:24:59.056366"
    },
    "_:id30": {
      "prov:activity": "id:a888d7a8-26a5-4122-8a76-9f01a03da527",
      "prov:starter": "id:6caa1136-4536-4b12-9e5f-c602b3b9889a",
      "prov:time": "2018-09-24T23:25:06.610729"
    },
    "_:id43": {
      "prov:activity": "id:62c97648-dc8f-446f-a062-13ea08edb756",
      "prov:starter": "id:6caa1136-4536-4b12-9e5f-c602b3b9889a",
      "prov:time": "2018-09-24T23:25:14.177129"
    },
    "_:id75": {
      "prov:activity": "id:d3ea6d10-3f21-4e67-a9d8-ad64a6ebe405",
      "prov:starter": "id:6caa1136-4536-4b12-9e5f-c602b3b9889a",
      "prov:time": "2018-09-24T23:25:22.115433"
    },
    "_:id127": {
      "prov:activity": "id:1ce14ef4-a002-4fba-acd3-3da1701186e4",
      "prov:starter": "id:6caa1136-4536-4b12-9e5f-c602b3b9889a",
      "prov:time": "2018-09-24T23:25:29.504089"
    },
    "_:id146": {
      "prov:activity": "id:017c8deb-e20c-489d-b946-7a3ce375eaa3",
      "prov:starter": "id:6caa1136-4536-4b12-9e5f-c602b3b9889a",
      "prov:time": "2018-09-24T23:25:42.816579"
    }
  },
  "activity": {
    "id:6caa1136-4536-4b12-9e5f-c602b3b9889a": {
      "prov:startTime": "2018-09-24T23:24:41.689829",
      "prov:type": {
        "$": "wfprov:WorkflowRun",
        "type": "prov:QUALIFIED_NAME"
      },
      "prov:label": "Run of workflow/packed.cwl#main"
    },
    "id:95bea874-c7aa-465b-9b31-75224c77f2e9": {
      "prov:type": {
        "$": "wfprov:ProcessRun",
        "type": "prov:QUALIFIED_NAME"
      },
      "prov:label": "Run of workflow/packed.cwl#main/prep_align_inputs"
    },
    "id:a888d7a8-26a5-4122-8a76-9f01a03da527": {
      "prov:type": {
        "$": "wfprov:ProcessRun",
        "type": "prov:QUALIFIED_NAME"
      },
      "prov:label": "Run of workflow/packed.cwl#main/process_alignment"
    },
    "id:62c97648-dc8f-446f-a062-13ea08edb756": {
      "prov:type": {
        "$": "wfprov:ProcessRun",
        "type": "prov:QUALIFIED_NAME"
      },
      "prov:label": "Run of workflow/packed.cwl#main/merge_split_alignments"
    },
    "id:d3ea6d10-3f21-4e67-a9d8-ad64a6ebe405": {
      "prov:type": {
        "$": "wfprov:ProcessRun",
        "type": "prov:QUALIFIED_NAME"
      },
      "prov:label": "Run of workflow/packed.cwl#main/prep_align_inputs_2"
    },
    "id:1ce14ef4-a002-4fba-acd3-3da1701186e4": {
      "prov:type": {
        "$": "wfprov:ProcessRun",
        "type": "prov:QUALIFIED_NAME"
      },
      "prov:label": "Run of workflow/packed.cwl#main/process_alignment_2"
    },
    "id:017c8deb-e20c-489d-b946-7a3ce375eaa3": {
      "prov:type": {
        "$": "wfprov:ProcessRun",
        "type": "prov:QUALIFIED_NAME"
      },
      "prov:label": "Run of workflow/packed.cwl#main/merge_split_alignments_2"
    }
  },
  "wasAssociatedWith": {
    "_:id2": {
      "prov:activity": "id:6caa1136-4536-4b12-9e5f-c602b3b9889a",
      "prov:agent": "id:107e38d7-985c-4b58-864b-f9277adeedec",
      "prov:plan": "wf:main"
    },
    "_:id4": {
      "prov:activity": "id:95bea874-c7aa-465b-9b31-75224c77f2e9",
      "prov:agent": "id:107e38d7-985c-4b58-864b-f9277adeedec",
      "prov:plan": "wf:main/prep_align_inputs"
    },
    "_:id6": {
      "prov:activity": "id:95bea874-c7aa-465b-9b31-75224c77f2e9",
      "prov:agent": "id:6a2d4744-e1bc-435d-a2ee-d5045581adde"
    },
    "_:id29": {
      "prov:activity": "id:a888d7a8-26a5-4122-8a76-9f01a03da527",
      "prov:agent": "id:107e38d7-985c-4b58-864b-f9277adeedec",
      "prov:plan": "wf:main/process_alignment"
    },
    "_:id31": {
      "prov:activity": "id:a888d7a8-26a5-4122-8a76-9f01a03da527",
      "prov:agent": "id:4becb999-4e0f-48de-9d65-f8212b1c05f4"
    },
    "_:id42": {
      "prov:activity": "id:62c97648-dc8f-446f-a062-13ea08edb756",
      "prov:agent": "id:107e38d7-985c-4b58-864b-f9277adeedec",
      "prov:plan": "wf:main/merge_split_alignments"
    },
    "_:id44": {
      "prov:activity": "id:62c97648-dc8f-446f-a062-13ea08edb756",
      "prov:agent": "id:9faa3001-f689-47df-afe0-795f1e5c69f8"
    },
    "_:id74": {
      "prov:activity": "id:d3ea6d10-3f21-4e67-a9d8-ad64a6ebe405",
      "prov:agent": "id:107e38d7-985c-4b58-864b-f9277adeedec",
      "prov:plan": "wf:main/prep_align_inputs_2"
    },
    "_:id76": {
      "prov:activity": "id:d3ea6d10-3f21-4e67-a9d8-ad64a6ebe405",
      "prov:agent": "id:4025e46e-ddcf-4e28-bfba-052fe3e14b08"
    },
    "_:id126": {
      "prov:activity": "id:1ce14ef4-a002-4fba-acd3-3da1701186e4",
      "prov:agent": "id:107e38d7-985c-4b58-864b-f9277adeedec",
      "prov:plan": "wf:main/process_alignment_2"
    },
    "_:id128": {
      "prov:activity": "id:1ce14ef4-a002-4fba-acd3-3da1701186e4",
      "prov:agent": "id:a0d6d6ac-b4b9-4d0f-8d68-7d2850f66a37"
    },
    "_:id145": {
      "prov:activity": "id:017c8deb-e20c-489d-b946-7a3ce375eaa3",
      "prov:agent": "id:107e38d7-985c-4b58-864b-f9277adeedec",
      "prov:plan": "wf:main/merge_split_alignments_2"
    },
    "_:id147": {
      "prov:activity": "id:017c8deb-e20c-489d-b946-7a3ce375eaa3",
      "prov:agent": "id:45e80624-a9d2-4c9a-a18c-799fe7e445f6"
    }
  },
  "entity": {
    "wf:main": [
      {
        "prov:type": [
          {
            "$": "wfdesc:Workflow",
            "type": "prov:QUALIFIED_NAME"
          },
          {
            "$": "prov:Plan",
            "type": "prov:QUALIFIED_NAME"
          }
        ],
        "prov:label": "Prospective provenance"
      },
      {
        "wfdesc:hasSubProcess": {
          "$": "wf:main/merge_split_alignments",
          "type": "prov:QUALIFIED_NAME"
        },
        "prov:label": "Prospective provenance"
      },
      {
        "wfdesc:hasSubProcess": {
          "$": "wf:main/process_alignment",
          "type": "prov:QUALIFIED_NAME"
        },
        "prov:label": "Prospective provenance"
      },
      {
        "wfdesc:hasSubProcess": {
          "$": "wf:main/prep_align_inputs",
          "type": "prov:QUALIFIED_NAME"
        },
        "prov:label": "Prospective provenance"
      },
      {
        "prov:type": [
          {
            "$": "wfdesc:Workflow",
            "type": "prov:QUALIFIED_NAME"
          },
          {
            "$": "prov:Plan",
            "type": "prov:QUALIFIED_NAME"
          }
        ],
        "prov:label": "Prospective provenance"
      },
      {
        "wfdesc:hasSubProcess": {
          "$": "wf:main/merge_split_alignments_2",
          "type": "prov:QUALIFIED_NAME"
        },
        "prov:label": "Prospective provenance"
      },
      {
        "wfdesc:hasSubProcess": {
          "$": "wf:main/process_alignment_2",
          "type": "prov:QUALIFIED_NAME"
        },
        "prov:label": "Prospective provenance"
      },
      {
        "wfdesc:hasSubProcess": {
          "$": "wf:main/prep_align_inputs_2",
          "type": "prov:QUALIFIED_NAME"
        },
        "prov:label": "Prospective provenance"
      }
    ],
    "wf:main/merge_split_alignments": {
      "prov:type": [
        {
          "$": "prov:Plan",
          "type": "prov:QUALIFIED_NAME"
        },
        {
          "$": "wfdesc:Process",
          "type": "prov:QUALIFIED_NAME"
        }
      ]
    },
    "wf:main/process_alignment": {
      "prov:type": [
        {
          "$": "prov:Plan",
          "type": "prov:QUALIFIED_NAME"
        },
        {
          "$": "wfdesc:Process",
          "type": "prov:QUALIFIED_NAME"
        }
      ]
    },
    "wf:main/prep_align_inputs": {
      "prov:type": [
        {
          "$": "prov:Plan",
          "type": "prov:QUALIFIED_NAME"
        },
        {
          "$": "wfdesc:Process",
          "type": "prov:QUALIFIED_NAME"
        }
      ]
    },
    "id:6c6452e7-dec2-4df1-8377-98298c6fd058": {
      "prov:type": [
        {
          "$": "wfprov:Artifact",
          "type": "prov:QUALIFIED_NAME"
        },
        {
          "$": "prov:Collection",
          "type": "prov:QUALIFIED_NAME"
        },
        {
          "$": "prov:Dictionary",
          "type": "prov:QUALIFIED_NAME"
        }
      ],
      "prov:hadDictionaryMember": [
        {
          "$": "id:7a7e3f39-0e8b-4c44-9df0-fa2683bee30a",
          "type": "prov:QUALIFIED_NAME"
        },
        {
          "$": "id:73f5ca41-5f84-478d-a78b-c1e156ee8c1b",
          "type": "prov:QUALIFIED_NAME"
        },
        {
          "$": "id:d6febc64-84ed-49e6-9742-d70f4d0c3e0f",
          "type": "prov:QUALIFIED_NAME"
        },
        {
          "$": "id:0d44bfb5-a362-47d9-ba2a-b61e0ca5330a",
          "type": "prov:QUALIFIED_NAME"
        },
        {
          "$": "id:ee6b97e9-6963-4299-b2fd-b3caf59a747d",
          "type": "prov:QUALIFIED_NAME"
        },
        {
          "$": "id:f8bb4e2e-a3a1-49c4-bfec-db47fc1bf436",
          "type": "prov:QUALIFIED_NAME"
        },
        {
          "$": "id:5897605c-2fa7-4cf2-a684-083bef36957a",
          "type": "prov:QUALIFIED_NAME"
        },
        {
          "$": "id:a7ceadf0-8edc-4400-8f11-81d4b2b6225d",
          "type": "prov:QUALIFIED_NAME"
        },
        {
          "$": "id:c52c3965-b1a7-40ea-a53e-93cd3a6473ca",
          "type": "prov:QUALIFIED_NAME"
        },
        {
          "$": "id:f1ccf914-8a58-47ac-8c50-fc3d20a204a6",
          "type": "prov:QUALIFIED_NAME"
        },
        {
          "$": "id:87971b3d-df4d-46bb-917f-9952c61c8fd4",
          "type": "prov:QUALIFIED_NAME"
        },
        {
          "$": "id:53370808-5541-4f15-a2a7-f0956e3a4403",
          "type": "prov:QUALIFIED_NAME"
        },
        {
          "$": "id:e4c38d61-b9bf-4cb2-b4d2-65d7bd94f51e",
          "type": "prov:QUALIFIED_NAME"
        },
        {
          "$": "id:d9679830-8e76-483e-bcfb-bfa8518357fa",
          "type": "prov:QUALIFIED_NAME"
        },
        {
          "$": "id:58c3c438-c1b1-4a08-9e6b-97b4efde742e",
          "type": "prov:QUALIFIED_NAME"
        },
        {
          "$": "id:652e64cc-4166-4816-85bc-b261b65cf7f9",
          "type": "prov:QUALIFIED_NAME"
        },
        {
          "$": "id:cfaa1ee4-edb1-4fe7-8c84-c57b2fdf4c9c",
          "type": "prov:QUALIFIED_NAME"
        },
        {
          "$": "id:2c189f2c-e89b-4c5e-be2b-6e218a112288",
          "type": "prov:QUALIFIED_NAME"
        },
        {
          "$": "id:450f7454-5d42-4898-bd7d-444122ad45e5",
          "type": "prov:QUALIFIED_NAME"
        },
        {
          "$": "id:31079fcf-0170-48af-a6aa-8dc7c8dee8f2",
          "type": "prov:QUALIFIED_NAME"
        },
        {
          "$": "id:5239bd33-4694-4e66-92d0-22a3af81a6e4",
          "type": "prov:QUALIFIED_NAME"
        }
      ]
    },
    "data:0e1d14a2180a6234ff47e1903faa5dbd7b45697b": [
      {
        "prov:type": {
          "$": "wfprov:Artifact",
          "type": "prov:QUALIFIED_NAME"
        },
        "prov:value": "variant"
      },
      {
        "prov:type": {
          "$": "wfprov:Artifact",
          "type": "prov:QUALIFIED_NAME"
        },
        "prov:value": "variant"
      }
    ],
    "id:7a7e3f39-0e8b-4c44-9df0-fa2683bee30a": {
      "prov:type": {
        "$": "prov:KeyEntityPair",
        "type": "prov:QUALIFIED_NAME"
      },
      "prov:pairKey": "analysis",
      "prov:pairEntity": {
        "$": "data:0e1d14a2180a6234ff47e1903faa5dbd7b45697b",
        "type": "prov:QUALIFIED_NAME"
      }
    },
    "id:c16ec335-a5a8-452c-b2eb-c1156c0b5e70": {
      "prov:type": [
        {
          "$": "prov:EmptyCollection",
          "type": "prov:QUALIFIED_NAME"
        },
        {
          "$": "wfprov:Artifact",
          "type": "prov:QUALIFIED_NAME"
        },
        {
          "$": "prov:Collection",
          "type": "prov:QUALIFIED_NAME"
        }
      ]
    },
    "id:450f7454-5d42-4898-bd7d-444122ad45e5": {
      "prov:type": {
        "$": "prov:KeyEntityPair",
        "type": "prov:QUALIFIED_NAME"
      },
      "prov:pairKey": "config__algorithm__adapters",
      "prov:pairEntity": {
        "$": "id:c16ec335-a5a8-452c-b2eb-c1156c0b5e70",
        "type": "prov:QUALIFIED_NAME"
      }
    },
    "cwlprov:None": [
      {
        "prov:label": "None"
      },
      {
        "prov:label": "None"
      },
      {
        "prov:label": "None"
      },
      {
        "prov:label": "None"
      },
      {
        "prov:label": "None"
      },
      {
        "prov:label": "None"
      },
      {
        "prov:label": "None"
      },
      {
        "prov:label": "None"
      },
      {
        "prov:label": "None"
      },
      {
        "prov:label": "None"
      },
      {
        "prov:label": "None"
      },
      {
        "prov:label": "None"
      },
      {
        "prov:label": "None"
      },
      {
        "prov:label": "None"
      },
      {
        "prov:label": "None"
      },
      {
        "prov:label": "None"
      },
      {
        "prov:label": "None"
      },
      {
        "prov:label": "None"
      },
      {
        "prov:label": "None"
      },
      {
        "prov:label": "None"
      },
      {
        "prov:label": "None"
      },
      {
        "prov:label": "None"
      },
      {
        "prov:label": "None"
      },
      {
        "prov:label": "None"
      },
      {
        "prov:label": "None"
      },
      {
        "prov:label": "None"
      },
      {
        "prov:label": "None"
      },
      {
        "prov:label": "None"
      },
      {
        "prov:label": "None"
      },
      {
        "prov:label": "None"
      },
      {
        "prov:label": "None"
      },
      {
        "prov:label": "None"
      },
      {
        "prov:label": "None"
      },
      {
        "prov:label": "None"
      },
      {
        "prov:label": "None"
      },
      {
        "prov:label": "None"
      },
      {
        "prov:label": "None"
      },
      {
        "prov:label": "None"
      },
      {
        "prov:label": "None"
      },
      {
        "prov:label": "None"
      },
      {
        "prov:label": "None"
      },
      {
        "prov:label": "None"
      },
      {
        "prov:label": "None"
      },
      {
        "prov:label": "None"
      },
      {
        "prov:label": "None"
      },
      {
        "prov:label": "None"
      },
      {
        "prov:label": "None"
      },
      {
        "prov:label": "None"
      },
      {
        "prov:label": "None"
      },
      {
        "prov:label": "None"
      },
      {
        "prov:label": "None"
      },
      {
        "prov:label": "None"
      },
      {
        "prov:label": "None"
      },
      {
        "prov:label": "None"
      },
      {
        "prov:label": "None"
      },
      {
        "prov:label": "None"
      },
      {
        "prov:label": "None"
      },
      {
        "prov:label": "None"
      },
      {
        "prov:label": "None"
      },
      {
        "prov:label": "None"
      }
    ],
    "id:31079fcf-0170-48af-a6aa-8dc7c8dee8f2": {
      "prov:type": {
        "$": "prov:KeyEntityPair",
        "type": "prov:QUALIFIED_NAME"
      },
      "prov:pairKey": "config__algorithm__align_split_size",
      "prov:pairEntity": {
        "$": "cwlprov:None",
        "type": "prov:QUALIFIED_NAME"
      }
    },
    "id:d9679830-8e76-483e-bcfb-bfa8518357fa": {
      "prov:type": {
        "$": "prov:KeyEntityPair",
        "type": "prov:QUALIFIED_NAME"
      },
      "prov:pairKey": "config__algorithm__aligner",
      "prov:pairEntity": {
        "$": "cwlprov:None",
        "type": "prov:QUALIFIED_NAME"
      }
    },
    "id:cc17564d-dff5-4860-8883-722c0a27e5d6": {
      "prov:value": false
    },
    "id:2c189f2c-e89b-4c5e-be2b-6e218a112288": {
      "prov:type": {
        "$": "prov:KeyEntityPair",
        "type": "prov:QUALIFIED_NAME"
      },
      "prov:pairKey": "config__algorithm__bam_clean",
      "prov:pairEntity": {
        "$": "id:cc17564d-dff5-4860-8883-722c0a27e5d6",
        "type": "prov:QUALIFIED_NAME"
      }
    },
    "data:97cdbdc7feff827efb082a6b6dd2727237cd49fd": [
      {
        "prov:type": {
          "$": "wfprov:Artifact",
          "type": "prov:QUALIFIED_NAME"
        },
        "prov:value": "False"
      },
      {
        "prov:type": {
          "$": "wfprov:Artifact",
          "type": "prov:QUALIFIED_NAME"
        },
        "prov:value": "False"
      }
    ],
    "id:53370808-5541-4f15-a2a7-f0956e3a4403": {
      "prov:type": {
        "$": "prov:KeyEntityPair",
        "type": "prov:QUALIFIED_NAME"
      },
      "prov:pairKey": "config__algorithm__mark_duplicates",
      "prov:pairEntity": {
        "$": "data:97cdbdc7feff827efb082a6b6dd2727237cd49fd",
        "type": "prov:QUALIFIED_NAME"
      }
    },
    "id:644782f8-b57b-41a4-964d-aa10632eaf39": {
      "prov:value": false
    },
    "id:a7ceadf0-8edc-4400-8f11-81d4b2b6225d": {
      "prov:type": {
        "$": "prov:KeyEntityPair",
        "type": "prov:QUALIFIED_NAME"
      },
      "prov:pairKey": "config__algorithm__trim_reads",
      "prov:pairEntity": {
        "$": "id:644782f8-b57b-41a4-964d-aa10632eaf39",
        "type": "prov:QUALIFIED_NAME"
      }
    },
    "id:0d44bfb5-a362-47d9-ba2a-b61e0ca5330a": {
      "prov:type": {
        "$": "prov:KeyEntityPair",
        "type": "prov:QUALIFIED_NAME"
      },
      "prov:pairKey": "config__algorithm__umi_type",
      "prov:pairEntity": {
        "$": "cwlprov:None",
        "type": "prov:QUALIFIED_NAME"
      }
    },
    "data:732c48596ab1af91cbbb907a73468dfcd758ac8f": [
      {
        "prov:type": {
          "$": "wfprov:Artifact",
          "type": "prov:QUALIFIED_NAME"
        },
        "prov:value": "VarOnly"
      },
      {
        "prov:type": {
          "$": "wfprov:Artifact",
          "type": "prov:QUALIFIED_NAME"
        },
        "prov:value": "VarOnly"
      },
      {
        "prov:type": {
          "$": "wfprov:Artifact",
          "type": "prov:QUALIFIED_NAME"
        },
        "prov:value": "VarOnly"
      },
      {
        "prov:type": {
          "$": "wfprov:Artifact",
          "type": "prov:QUALIFIED_NAME"
        },
        "prov:value": "VarOnly"
      },
      {
        "prov:type": {
          "$": "wfprov:Artifact",
          "type": "prov:QUALIFIED_NAME"
        },
        "prov:value": "VarOnly"
      }
    ],
    "id:652e64cc-4166-4816-85bc-b261b65cf7f9": {
      "prov:type": {
        "$": "prov:KeyEntityPair",
        "type": "prov:QUALIFIED_NAME"
      },
      "prov:pairKey": "description",
      "prov:pairEntity": {
        "$": "data:732c48596ab1af91cbbb907a73468dfcd758ac8f",
        "type": "prov:QUALIFIED_NAME"
      }
    },
    "id:d6febc64-84ed-49e6-9742-d70f4d0c3e0f": {
      "prov:type": {
        "$": "prov:KeyEntityPair",
        "type": "prov:QUALIFIED_NAME"
      },
      "prov:pairKey": "files",
      "prov:pairEntity": {
        "$": "cwlprov:None",
        "type": "prov:QUALIFIED_NAME"
      }
    },
    "id:73f5ca41-5f84-478d-a78b-c1e156ee8c1b": {
      "prov:type": {
        "$": "prov:KeyEntityPair",
        "type": "prov:QUALIFIED_NAME"
      },
      "prov:pairKey": "reference__bwa__indexes",
      "prov:pairEntity": {
        "$": "cwlprov:None",
        "type": "prov:QUALIFIED_NAME"
      }
    },
    "data:e2ca54abb52ba4013b16f3f31d4083b8bf6de054": [
      {},
      {}
    ],
    "id:39a37240-7832-4f14-bd92-5f5f2a9f9cb9": {
      "prov:type": [
        {
          "$": "wfprov:Artifact",
          "type": "prov:QUALIFIED_NAME"
        },
        {
          "$": "wf4ever:File",
          "type": "prov:QUALIFIED_NAME"
        }
      ],
      "cwlprov:basename": "hg19.fa",
      "cwlprov:nameroot": "hg19",
      "cwlprov:nameext": ".fa"
    },
    "data:f2e30d7e4f304ffd45ddd3cc26441434df8bf5fe": [
      {},
      {}
    ],
    "id:3539eff5-fa2a-4d98-9c7c-98d294420816": {
      "prov:type": [
        {
          "$": "wfprov:Artifact",
          "type": "prov:QUALIFIED_NAME"
        },
        {
          "$": "wf4ever:File",
          "type": "prov:QUALIFIED_NAME"
        }
      ],
      "cwlprov:basename": "hg19.fa.fai",
      "cwlprov:nameroot": "hg19.fa",
      "cwlprov:nameext": ".fai"
    },
    "data:d8584a6cb5bcdc476b4577bf89a25e215ca61449": [
      {},
      {}
    ],
    "id:05a458dc-19df-4ace-83a6-d72bec648298": {
      "prov:type": [
        {
          "$": "wfprov:Artifact",
          "type": "prov:QUALIFIED_NAME"
        },
        {
          "$": "wf4ever:File",
          "type": "prov:QUALIFIED_NAME"
        }
      ],
      "cwlprov:basename": "hg19.dict",
      "cwlprov:nameroot": "hg19",
      "cwlprov:nameext": ".dict"
    },
    "id:f1ccf914-8a58-47ac-8c50-fc3d20a204a6": {
      "prov:type": {
        "$": "prov:KeyEntityPair",
        "type": "prov:QUALIFIED_NAME"
      },
      "prov:pairKey": "reference__fasta__base",
      "prov:pairEntity": {
        "$": "id:39a37240-7832-4f14-bd92-5f5f2a9f9cb9",
        "type": "prov:QUALIFIED_NAME"
      }
    },
    "id:87971b3d-df4d-46bb-917f-9952c61c8fd4": {
      "prov:type": {
        "$": "prov:KeyEntityPair",
        "type": "prov:QUALIFIED_NAME"
      },
      "prov:pairKey": "reference__minimap2__indexes",
      "prov:pairEntity": {
        "$": "cwlprov:None",
        "type": "prov:QUALIFIED_NAME"
      }
    },
    "data:f0f494c72a2bfebf049abce85ab47d88c51ba91b": [
      {
        "prov:type": {
          "$": "wfprov:Artifact",
          "type": "prov:QUALIFIED_NAME"
        },
        "prov:value": "{\"default\":{\"cores\":1,\"jvm_opts\":[\"-Xms1000m\",\"-Xmx2048m\"],\"memory\":\"2048M\"}}"
      },
      {
        "prov:type": {
          "$": "wfprov:Artifact",
          "type": "prov:QUALIFIED_NAME"
        },
        "prov:value": "{\"default\":{\"cores\":1,\"jvm_opts\":[\"-Xms1000m\",\"-Xmx2048m\"],\"memory\":\"2048M\"}}"
      }
    ],
    "id:f8bb4e2e-a3a1-49c4-bfec-db47fc1bf436": {
      "prov:type": {
        "$": "prov:KeyEntityPair",
        "type": "prov:QUALIFIED_NAME"
      },
      "prov:pairKey": "resources",
      "prov:pairEntity": {
        "$": "data:f0f494c72a2bfebf049abce85ab47d88c51ba91b",
        "type": "prov:QUALIFIED_NAME"
      }
    },
    "id:ee6b97e9-6963-4299-b2fd-b3caf59a747d": {
      "prov:type": {
        "$": "prov:KeyEntityPair",
        "type": "prov:QUALIFIED_NAME"
      },
      "prov:pairKey": "rgnames__lane",
      "prov:pairEntity": {
        "$": "data:732c48596ab1af91cbbb907a73468dfcd758ac8f",
        "type": "prov:QUALIFIED_NAME"
      }
    },
    "id:cfaa1ee4-edb1-4fe7-8c84-c57b2fdf4c9c": {
      "prov:type": {
        "$": "prov:KeyEntityPair",
        "type": "prov:QUALIFIED_NAME"
      },
      "prov:pairKey": "rgnames__lb",
      "prov:pairEntity": {
        "$": "cwlprov:None",
        "type": "prov:QUALIFIED_NAME"
      }
    },
    "data:c728bc938eecc9a0d33fd48b8ca230fdebbdea19": [
      {
        "prov:type": {
          "$": "wfprov:Artifact",
          "type": "prov:QUALIFIED_NAME"
        },
        "prov:value": "illumina"
      },
      {
        "prov:type": {
          "$": "wfprov:Artifact",
          "type": "prov:QUALIFIED_NAME"
        },
        "prov:value": "illumina"
      }
    ],
    "id:5239bd33-4694-4e66-92d0-22a3af81a6e4": {
      "prov:type": {
        "$": "prov:KeyEntityPair",
        "type": "prov:QUALIFIED_NAME"
      },
      "prov:pairKey": "rgnames__pl",
      "prov:pairEntity": {
        "$": "data:c728bc938eecc9a0d33fd48b8ca230fdebbdea19",
        "type": "prov:QUALIFIED_NAME"
      }
    },
    "id:c52c3965-b1a7-40ea-a53e-93cd3a6473ca": {
      "prov:type": {
        "$": "prov:KeyEntityPair",
        "type": "prov:QUALIFIED_NAME"
      },
      "prov:pairKey": "rgnames__pu",
      "prov:pairEntity": {
        "$": "data:732c48596ab1af91cbbb907a73468dfcd758ac8f",
        "type": "prov:QUALIFIED_NAME"
      }
    },
    "id:e4c38d61-b9bf-4cb2-b4d2-65d7bd94f51e": {
      "prov:type": {
        "$": "prov:KeyEntityPair",
        "type": "prov:QUALIFIED_NAME"
      },
      "prov:pairKey": "rgnames__rg",
      "prov:pairEntity": {
        "$": "data:732c48596ab1af91cbbb907a73468dfcd758ac8f",
        "type": "prov:QUALIFIED_NAME"
      }
    },
    "id:5897605c-2fa7-4cf2-a684-083bef36957a": {
      "prov:type": {
        "$": "prov:KeyEntityPair",
        "type": "prov:QUALIFIED_NAME"
      },
      "prov:pairKey": "rgnames__sample",
      "prov:pairEntity": {
        "$": "data:732c48596ab1af91cbbb907a73468dfcd758ac8f",
        "type": "prov:QUALIFIED_NAME"
      }
    },
    "data:653975b311737354f838ff678f07c8c324b8a267": {
      "prov:type": {
        "$": "wfprov:Artifact",
        "type": "prov:QUALIFIED_NAME"
      },
      "prov:value": "urn:uuid:6c6452e7-dec2-4df1-8377-98298c6fd058"
    },
    "id:58c3c438-c1b1-4a08-9e6b-97b4efde742e": {
      "prov:type": {
        "$": "prov:KeyEntityPair",
        "type": "prov:QUALIFIED_NAME"
      },
      "prov:pairKey": "@id",
      "prov:pairEntity": {
        "$": "data:653975b311737354f838ff678f07c8c324b8a267",
        "type": "prov:QUALIFIED_NAME"
      }
    },
    "id:1c0d77ab-1523-449d-a32a-79ce46159afe": {
      "prov:type": [
        {
          "$": "wfprov:Artifact",
          "type": "prov:QUALIFIED_NAME"
        },
        {
          "$": "prov:Collection",
          "type": "prov:QUALIFIED_NAME"
        },
        {
          "$": "prov:Dictionary",
          "type": "prov:QUALIFIED_NAME"
        }
      ],
      "prov:hadDictionaryMember": [
        {
          "$": "id:e329c2ea-5d8a-40bb-9a65-ad1247a68c5a",
          "type": "prov:QUALIFIED_NAME"
        },
        {
          "$": "id:09272a3b-4e5b-421a-b761-54c41d0dae21",
          "type": "prov:QUALIFIED_NAME"
        },
        {
          "$": "id:78de4cde-4584-4f74-a094-753581117981",
          "type": "prov:QUALIFIED_NAME"
        },
        {
          "$": "id:fa89d756-6bcb-4ef5-96d9-9e07fdd43b9e",
          "type": "prov:QUALIFIED_NAME"
        }
      ]
    },
    "id:78de4cde-4584-4f74-a094-753581117981": {
      "prov:type": {
        "$": "prov:KeyEntityPair",
        "type": "prov:QUALIFIED_NAME"
      },
      "prov:pairKey": "align_split",
      "prov:pairEntity": {
        "$": "cwlprov:None",
        "type": "prov:QUALIFIED_NAME"
      }
    },
    "id:09272a3b-4e5b-421a-b761-54c41d0dae21": {
      "prov:type": {
        "$": "prov:KeyEntityPair",
        "type": "prov:QUALIFIED_NAME"
      },
      "prov:pairKey": "config__algorithm__quality_format",
      "prov:pairEntity": {
        "$": "cwlprov:None",
        "type": "prov:QUALIFIED_NAME"
      }
    },
    "id:e329c2ea-5d8a-40bb-9a65-ad1247a68c5a": {
      "prov:type": {
        "$": "prov:KeyEntityPair",
        "type": "prov:QUALIFIED_NAME"
      },
      "prov:pairKey": "files",
      "prov:pairEntity": {
        "$": "cwlprov:None",
        "type": "prov:QUALIFIED_NAME"
      }
    },
    "data:f7f280a01c2efa7b1a1df7f95990eb9dff7d8906": {
      "prov:type": {
        "$": "wfprov:Artifact",
        "type": "prov:QUALIFIED_NAME"
      },
      "prov:value": "urn:uuid:1c0d77ab-1523-449d-a32a-79ce46159afe"
    },
    "id:fa89d756-6bcb-4ef5-96d9-9e07fdd43b9e": {
      "prov:type": {
        "$": "prov:KeyEntityPair",
        "type": "prov:QUALIFIED_NAME"
      },
      "prov:pairKey": "@id",
      "prov:pairEntity": {
        "$": "data:f7f280a01c2efa7b1a1df7f95990eb9dff7d8906",
        "type": "prov:QUALIFIED_NAME"
      }
    },
    "id:9a92e54e-9685-4232-8730-b20a445b2109": {
      "prov:type": [
        {
          "$": "wfprov:Artifact",
          "type": "prov:QUALIFIED_NAME"
        },
        {
          "$": "prov:Collection",
          "type": "prov:QUALIFIED_NAME"
        }
      ]
    },
    "id:7b771d81-cbf8-4574-b858-ff11e7582b2e": {
      "prov:type": [
        {
          "$": "wfprov:Artifact",
          "type": "prov:QUALIFIED_NAME"
        },
        {
          "$": "prov:Collection",
          "type": "prov:QUALIFIED_NAME"
        }
      ]
    },
    "id:86660dd8-1c25-41d2-bc8a-158be21bd0d2": {
      "prov:type": [
        {
          "$": "wfprov:Artifact",
          "type": "prov:QUALIFIED_NAME"
        },
        {
          "$": "prov:Collection",
          "type": "prov:QUALIFIED_NAME"
        }
      ]
    },
    "id:d616bd0e-a151-43d9-aef0-d2a66e5fa0dc": {
      "prov:type": [
        {
          "$": "wfprov:Artifact",
          "type": "prov:QUALIFIED_NAME"
        },
        {
          "$": "prov:Collection",
          "type": "prov:QUALIFIED_NAME"
        }
      ]
    },
    "id:b2e32356-88e0-4ccc-b995-348830aff604": {
      "prov:type": [
        {
          "$": "wfprov:Artifact",
          "type": "prov:QUALIFIED_NAME"
        },
        {
          "$": "prov:Collection",
          "type": "prov:QUALIFIED_NAME"
        }
      ]
    },
    "id:2091f0c0-1848-4689-bdd6-3532d5b6d525": {
      "prov:type": [
        {
          "$": "wfprov:Artifact",
          "type": "prov:QUALIFIED_NAME"
        },
        {
          "$": "prov:Collection",
          "type": "prov:QUALIFIED_NAME"
        }
      ]
    },
    "id:644ab3a4-4539-47c4-9321-2c3f3d303e6e": {
      "prov:type": [
        {
          "$": "wfprov:Artifact",
          "type": "prov:QUALIFIED_NAME"
        },
        {
          "$": "prov:Collection",
          "type": "prov:QUALIFIED_NAME"
        }
      ]
    },
    "id:7210671f-38ca-4675-b96f-3a4c98e09430": {
      "prov:type": [
        {
          "$": "wfprov:Artifact",
          "type": "prov:QUALIFIED_NAME"
        },
        {
          "$": "prov:Collection",
          "type": "prov:QUALIFIED_NAME"
        }
      ]
    },
    "wf:main/merge_split_alignments_2": {
      "prov:type": [
        {
          "$": "prov:Plan",
          "type": "prov:QUALIFIED_NAME"
        },
        {
          "$": "wfdesc:Process",
          "type": "prov:QUALIFIED_NAME"
        }
      ]
    },
    "wf:main/process_alignment_2": {
      "prov:type": [
        {
          "$": "prov:Plan",
          "type": "prov:QUALIFIED_NAME"
        },
        {
          "$": "wfdesc:Process",
          "type": "prov:QUALIFIED_NAME"
        }
      ]
    },
    "wf:main/prep_align_inputs_2": {
      "prov:type": [
        {
          "$": "prov:Plan",
          "type": "prov:QUALIFIED_NAME"
        },
        {
          "$": "wfdesc:Process",
          "type": "prov:QUALIFIED_NAME"
        }
      ]
    },
    "id:3070e733-d0f9-4beb-9b6b-14878f3aa7c6": {
      "prov:type": [
        {
          "$": "wfprov:Artifact",
          "type": "prov:QUALIFIED_NAME"
        },
        {
          "$": "prov:Collection",
          "type": "prov:QUALIFIED_NAME"
        },
        {
          "$": "prov:Dictionary",
          "type": "prov:QUALIFIED_NAME"
        }
      ],
      "prov:hadDictionaryMember": [
        {
          "$": "id:bbe73294-390c-48e4-a25e-0456782841e0",
          "type": "prov:QUALIFIED_NAME"
        },
        {
          "$": "id:50366a9e-1f9b-4cfc-b535-8c7a00440912",
          "type": "prov:QUALIFIED_NAME"
        },
        {
          "$": "id:10afbc42-e2ff-4cfb-add9-454be0308b97",
          "type": "prov:QUALIFIED_NAME"
        },
        {
          "$": "id:f937a63d-0d92-47a0-a8d6-e041d2220b20",
          "type": "prov:QUALIFIED_NAME"
        },
        {
          "$": "id:6b7d2d44-46b2-437e-ab5f-2f3dcf36460c",
          "type": "prov:QUALIFIED_NAME"
        },
        {
          "$": "id:a2bb5d9f-3595-41f8-add4-8649ae2c8855",
          "type": "prov:QUALIFIED_NAME"
        },
        {
          "$": "id:cedd966a-a39f-40c4-b782-f115a1ba4999",
          "type": "prov:QUALIFIED_NAME"
        },
        {
          "$": "id:11cfbddb-c495-402f-a136-3231b68f0da4",
          "type": "prov:QUALIFIED_NAME"
        },
        {
          "$": "id:a1585e26-dbf3-417b-a720-c2a3fc6357b4",
          "type": "prov:QUALIFIED_NAME"
        },
        {
          "$": "id:8d74bd02-953c-4fde-8787-e919bbfb7bd8",
          "type": "prov:QUALIFIED_NAME"
        },
        {
          "$": "id:e8214131-1e7a-45e5-884f-0d62ed70facb",
          "type": "prov:QUALIFIED_NAME"
        },
        {
          "$": "id:258e2470-3b2b-4797-afbd-fad6e17d7c6b",
          "type": "prov:QUALIFIED_NAME"
        },
        {
          "$": "id:82d0c325-32e7-41fe-b403-56810e4cbb53",
          "type": "prov:QUALIFIED_NAME"
        },
        {
          "$": "id:86b548c8-89c6-4b1e-851d-9445cd24bf47",
          "type": "prov:QUALIFIED_NAME"
        },
        {
          "$": "id:637a2c84-b79d-4244-afbe-737029e97ea1",
          "type": "prov:QUALIFIED_NAME"
        },
        {
          "$": "id:e339e819-cc32-45e3-9bb4-b046ccf74b83",
          "type": "prov:QUALIFIED_NAME"
        },
        {
          "$": "id:366d0bc9-248f-4d70-8a91-730b73976c36",
          "type": "prov:QUALIFIED_NAME"
        },
        {
          "$": "id:57cd6a40-4808-4eba-8251-97fb6ee1b8d1",
          "type": "prov:QUALIFIED_NAME"
        },
        {
          "$": "id:2ee4e08a-ae59-44be-95ee-47fe8aab7909",
          "type": "prov:QUALIFIED_NAME"
        },
        {
          "$": "id:9185c643-8865-40d5-9038-f9ae6abbd051",
          "type": "prov:QUALIFIED_NAME"
        },
        {
          "$": "id:cb4b993f-98d6-4537-9a9b-9cfb33dec9a7",
          "type": "prov:QUALIFIED_NAME"
        }
      ]
    },
    "id:f937a63d-0d92-47a0-a8d6-e041d2220b20": {
      "prov:type": {
        "$": "prov:KeyEntityPair",
        "type": "prov:QUALIFIED_NAME"
      },
      "prov:pairKey": "analysis",
      "prov:pairEntity": {
        "$": "data:0e1d14a2180a6234ff47e1903faa5dbd7b45697b",
        "type": "prov:QUALIFIED_NAME"
      }
    },
    "id:b8e544e9-ec25-4681-a112-a376c248f824": {
      "prov:type": [
        {
          "$": "prov:EmptyCollection",
          "type": "prov:QUALIFIED_NAME"
        },
        {
          "$": "wfprov:Artifact",
          "type": "prov:QUALIFIED_NAME"
        },
        {
          "$": "prov:Collection",
          "type": "prov:QUALIFIED_NAME"
        }
      ]
    },
    "id:6b7d2d44-46b2-437e-ab5f-2f3dcf36460c": {
      "prov:type": {
        "$": "prov:KeyEntityPair",
        "type": "prov:QUALIFIED_NAME"
      },
      "prov:pairKey": "config__algorithm__adapters",
      "prov:pairEntity": {
        "$": "id:b8e544e9-ec25-4681-a112-a376c248f824",
        "type": "prov:QUALIFIED_NAME"
      }
    },
    "id:2ee4e08a-ae59-44be-95ee-47fe8aab7909": {
      "prov:type": {
        "$": "prov:KeyEntityPair",
        "type": "prov:QUALIFIED_NAME"
      },
      "prov:pairKey": "config__algorithm__align_split_size",
      "prov:pairEntity": {
        "$": "data:97cdbdc7feff827efb082a6b6dd2727237cd49fd",
        "type": "prov:QUALIFIED_NAME"
      }
    },
    "data:8636742662b1db0fad6ea0c98c6451965d621ebe": {
      "prov:type": {
        "$": "wfprov:Artifact",
        "type": "prov:QUALIFIED_NAME"
      },
      "prov:value": "bwa"
    },
    "id:9185c643-8865-40d5-9038-f9ae6abbd051": {
      "prov:type": {
        "$": "prov:KeyEntityPair",
        "type": "prov:QUALIFIED_NAME"
      },
      "prov:pairKey": "config__algorithm__aligner",
      "prov:pairEntity": {
        "$": "data:8636742662b1db0fad6ea0c98c6451965d621ebe",
        "type": "prov:QUALIFIED_NAME"
      }
    },
    "id:163ec509-6c0a-4799-bd83-8b71417af06d": {
      "prov:value": false
    },
    "id:366d0bc9-248f-4d70-8a91-730b73976c36": {
      "prov:type": {
        "$": "prov:KeyEntityPair",
        "type": "prov:QUALIFIED_NAME"
      },
      "prov:pairKey": "config__algorithm__bam_clean",
      "prov:pairEntity": {
        "$": "id:163ec509-6c0a-4799-bd83-8b71417af06d",
        "type": "prov:QUALIFIED_NAME"
      }
    },
    "data:88b33e4e12f75ac8bf792aebde41f1a090f3a612": {
      "prov:type": {
        "$": "wfprov:Artifact",
        "type": "prov:QUALIFIED_NAME"
      },
      "prov:value": "True"
    },
    "id:cb4b993f-98d6-4537-9a9b-9cfb33dec9a7": {
      "prov:type": {
        "$": "prov:KeyEntityPair",
        "type": "prov:QUALIFIED_NAME"
      },
      "prov:pairKey": "config__algorithm__mark_duplicates",
      "prov:pairEntity": {
        "$": "data:88b33e4e12f75ac8bf792aebde41f1a090f3a612",
        "type": "prov:QUALIFIED_NAME"
      }
    },
    "id:f22712e9-7ec0-4999-913d-985a5421fa60": {
      "prov:value": false
    },
    "id:11cfbddb-c495-402f-a136-3231b68f0da4": {
      "prov:type": {
        "$": "prov:KeyEntityPair",
        "type": "prov:QUALIFIED_NAME"
      },
      "prov:pairKey": "config__algorithm__trim_reads",
      "prov:pairEntity": {
        "$": "id:f22712e9-7ec0-4999-913d-985a5421fa60",
        "type": "prov:QUALIFIED_NAME"
      }
    },
    "id:82d0c325-32e7-41fe-b403-56810e4cbb53": {
      "prov:type": {
        "$": "prov:KeyEntityPair",
        "type": "prov:QUALIFIED_NAME"
      },
      "prov:pairKey": "config__algorithm__umi_type",
      "prov:pairEntity": {
        "$": "cwlprov:None",
        "type": "prov:QUALIFIED_NAME"
      }
    },
    "data:2b84f621c0fd4ba8bd514c5c43ab9a897c8c014e": [
      {
        "prov:type": {
          "$": "wfprov:Artifact",
          "type": "prov:QUALIFIED_NAME"
        },
        "prov:value": "Test2"
      },
      {
        "prov:type": {
          "$": "wfprov:Artifact",
          "type": "prov:QUALIFIED_NAME"
        },
        "prov:value": "Test2"
      },
      {
        "prov:type": {
          "$": "wfprov:Artifact",
          "type": "prov:QUALIFIED_NAME"
        },
        "prov:value": "Test2"
      },
      {
        "prov:type": {
          "$": "wfprov:Artifact",
          "type": "prov:QUALIFIED_NAME"
        },
        "prov:value": "Test2"
      },
      {
        "prov:type": {
          "$": "wfprov:Artifact",
          "type": "prov:QUALIFIED_NAME"
        },
        "prov:value": "Test2"
      }
    ],
    "id:bbe73294-390c-48e4-a25e-0456782841e0": {
      "prov:type": {
        "$": "prov:KeyEntityPair",
        "type": "prov:QUALIFIED_NAME"
      },
      "prov:pairKey": "description",
      "prov:pairEntity": {
        "$": "data:2b84f621c0fd4ba8bd514c5c43ab9a897c8c014e",
        "type": "prov:QUALIFIED_NAME"
      }
    },
    "data:f9e8323319ff6bb9bf1cf4e8f6ecede9fdbd7e41": [
      {},
      {}
    ],
    "id:9a6ba123-433e-484c-b0ab-207ba7169dad": {
      "prov:type": [
        {
          "$": "wfprov:Artifact",
          "type": "prov:QUALIFIED_NAME"
        },
        {
          "$": "wf4ever:File",
          "type": "prov:QUALIFIED_NAME"
        }
      ],
      "cwlprov:basename": "7_100326_FC6107FAAXX_1.fq.gz",
      "cwlprov:nameroot": "7_100326_FC6107FAAXX_1.fq",
      "cwlprov:nameext": ".gz"
    },
    "data:f1d3dc61703f70a8b0419455bbd2ba5d1ed9eb6b": [
      {},
      {}
    ],
    "id:b317c06c-9e4e-4169-8706-4d639a399efc": {
      "prov:type": [
        {
          "$": "wfprov:Artifact",
          "type": "prov:QUALIFIED_NAME"
        },
        {
          "$": "wf4ever:File",
          "type": "prov:QUALIFIED_NAME"
        }
      ],
      "cwlprov:basename": "7_100326_FC6107FAAXX_2.fq.gz",
      "cwlprov:nameroot": "7_100326_FC6107FAAXX_2.fq",
      "cwlprov:nameext": ".gz"
    },
    "id:c570b2f6-f003-4fa0-805e-8cb937b55ea9": {
      "prov:type": [
        {
          "$": "wfprov:Artifact",
          "type": "prov:QUALIFIED_NAME"
        },
        {
          "$": "prov:Collection",
          "type": "prov:QUALIFIED_NAME"
        }
      ]
    },
    "id:e8214131-1e7a-45e5-884f-0d62ed70facb": {
      "prov:type": {
        "$": "prov:KeyEntityPair",
        "type": "prov:QUALIFIED_NAME"
      },
      "prov:pairKey": "files",
      "prov:pairEntity": {
        "$": "id:c570b2f6-f003-4fa0-805e-8cb937b55ea9",
        "type": "prov:QUALIFIED_NAME"
      }
    },
    "data:22ec87b283d1a354733eb33eaa632ee04542bbad": {},
    "id:b23bf0ca-e962-4ac1-8bc4-c06080e64ca5": {
      "prov:type": [
        {
          "$": "wfprov:Artifact",
          "type": "prov:QUALIFIED_NAME"
        },
        {
          "$": "wf4ever:File",
          "type": "prov:QUALIFIED_NAME"
        }
      ],
      "cwlprov:basename": "hg19.fa.amb",
      "cwlprov:nameroot": "hg19.fa",
      "cwlprov:nameext": ".amb"
    },
    "data:41af3bc76675641360d4817ffc77b99213126938": {},
    "id:7bbaa7c1-713c-4b60-96b2-5f77b0acdb92": {
      "prov:type": [
        {
          "$": "wfprov:Artifact",
          "type": "prov:QUALIFIED_NAME"
        },
        {
          "$": "wf4ever:File",
          "type": "prov:QUALIFIED_NAME"
        }
      ],
      "cwlprov:basename": "hg19.fa.sa",
      "cwlprov:nameroot": "hg19.fa",
      "cwlprov:nameext": ".sa"
    },
    "data:2b6fb1bb71c10ffda852f3e4988cb0bdd24ebf9c": {},
    "id:f96d754f-71e5-435c-b621-f5e472f2518b": {
      "prov:type": [
        {
          "$": "wfprov:Artifact",
          "type": "prov:QUALIFIED_NAME"
        },
        {
          "$": "wf4ever:File",
          "type": "prov:QUALIFIED_NAME"
        }
      ],
      "cwlprov:basename": "hg19.fa.ann",
      "cwlprov:nameroot": "hg19.fa",
      "cwlprov:nameext": ".ann"
    },
    "data:c4068635c6b5d33b2e64931ef056c26cca88f660": {},
    "id:d5050877-7138-43f8-9b08-681278db3bfd": {
      "prov:type": [
        {
          "$": "wfprov:Artifact",
          "type": "prov:QUALIFIED_NAME"
        },
        {
          "$": "wf4ever:File",
          "type": "prov:QUALIFIED_NAME"
        }
      ],
      "cwlprov:basename": "hg19.fa.bwt",
      "cwlprov:nameroot": "hg19.fa",
      "cwlprov:nameext": ".bwt"
    },
    "data:6db9e9d10fd79f63c7f4be4f514244052c65b628": {},
    "id:db260413-f2bd-4e1d-a737-5082c55b5043": {
      "prov:type": [
        {
          "$": "wfprov:Artifact",
          "type": "prov:QUALIFIED_NAME"
        },
        {
          "$": "wf4ever:File",
          "type": "prov:QUALIFIED_NAME"
        }
      ],
      "cwlprov:basename": "hg19.fa.pac",
      "cwlprov:nameroot": "hg19.fa",
      "cwlprov:nameext": ".pac"
    },
    "id:a1585e26-dbf3-417b-a720-c2a3fc6357b4": {
      "prov:type": {
        "$": "prov:KeyEntityPair",
        "type": "prov:QUALIFIED_NAME"
      },
      "prov:pairKey": "reference__bwa__indexes",
      "prov:pairEntity": {
        "$": "id:b23bf0ca-e962-4ac1-8bc4-c06080e64ca5",
        "type": "prov:QUALIFIED_NAME"
      }
    },
    "id:b53b3970-2904-464b-8519-15bbfdbd0663": {
      "prov:type": [
        {
          "$": "wfprov:Artifact",
          "type": "prov:QUALIFIED_NAME"
        },
        {
          "$": "wf4ever:File",
          "type": "prov:QUALIFIED_NAME"
        }
      ],
      "cwlprov:basename": "hg19.fa",
      "cwlprov:nameroot": "hg19",
      "cwlprov:nameext": ".fa"
    },
    "id:4c9bca79-b3eb-404e-b76b-02b394c80434": {
      "prov:type": [
        {
          "$": "wfprov:Artifact",
          "type": "prov:QUALIFIED_NAME"
        },
        {
          "$": "wf4ever:File",
          "type": "prov:QUALIFIED_NAME"
        }
      ],
      "cwlprov:basename": "hg19.fa.fai",
      "cwlprov:nameroot": "hg19.fa",
      "cwlprov:nameext": ".fai"
    },
    "id:9ecef208-8be9-42de-ad1b-8e4c9ed8c976": {
      "prov:type": [
        {
          "$": "wfprov:Artifact",
          "type": "prov:QUALIFIED_NAME"
        },
        {
          "$": "wf4ever:File",
          "type": "prov:QUALIFIED_NAME"
        }
      ],
      "cwlprov:basename": "hg19.dict",
      "cwlprov:nameroot": "hg19",
      "cwlprov:nameext": ".dict"
    },
    "id:a2bb5d9f-3595-41f8-add4-8649ae2c8855": {
      "prov:type": {
        "$": "prov:KeyEntityPair",
        "type": "prov:QUALIFIED_NAME"
      },
      "prov:pairKey": "reference__fasta__base",
      "prov:pairEntity": {
        "$": "id:b53b3970-2904-464b-8519-15bbfdbd0663",
        "type": "prov:QUALIFIED_NAME"
      }
    },
    "id:86b548c8-89c6-4b1e-851d-9445cd24bf47": {
      "prov:type": {
        "$": "prov:KeyEntityPair",
        "type": "prov:QUALIFIED_NAME"
      },
      "prov:pairKey": "reference__minimap2__indexes",
      "prov:pairEntity": {
        "$": "cwlprov:None",
        "type": "prov:QUALIFIED_NAME"
      }
    },
    "id:e339e819-cc32-45e3-9bb4-b046ccf74b83": {
      "prov:type": {
        "$": "prov:KeyEntityPair",
        "type": "prov:QUALIFIED_NAME"
      },
      "prov:pairKey": "resources",
      "prov:pairEntity": {
        "$": "data:f0f494c72a2bfebf049abce85ab47d88c51ba91b",
        "type": "prov:QUALIFIED_NAME"
      }
    },
    "id:8d74bd02-953c-4fde-8787-e919bbfb7bd8": {
      "prov:type": {
        "$": "prov:KeyEntityPair",
        "type": "prov:QUALIFIED_NAME"
      },
      "prov:pairKey": "rgnames__lane",
      "prov:pairEntity": {
        "$": "data:2b84f621c0fd4ba8bd514c5c43ab9a897c8c014e",
        "type": "prov:QUALIFIED_NAME"
      }
    },
    "id:258e2470-3b2b-4797-afbd-fad6e17d7c6b": {
      "prov:type": {
        "$": "prov:KeyEntityPair",
        "type": "prov:QUALIFIED_NAME"
      },
      "prov:pairKey": "rgnames__lb",
      "prov:pairEntity": {
        "$": "cwlprov:None",
        "type": "prov:QUALIFIED_NAME"
      }
    },
    "id:50366a9e-1f9b-4cfc-b535-8c7a00440912": {
      "prov:type": {
        "$": "prov:KeyEntityPair",
        "type": "prov:QUALIFIED_NAME"
      },
      "prov:pairKey": "rgnames__pl",
      "prov:pairEntity": {
        "$": "data:c728bc938eecc9a0d33fd48b8ca230fdebbdea19",
        "type": "prov:QUALIFIED_NAME"
      }
    },
    "id:cedd966a-a39f-40c4-b782-f115a1ba4999": {
      "prov:type": {
        "$": "prov:KeyEntityPair",
        "type": "prov:QUALIFIED_NAME"
      },
      "prov:pairKey": "rgnames__pu",
      "prov:pairEntity": {
        "$": "data:2b84f621c0fd4ba8bd514c5c43ab9a897c8c014e",
        "type": "prov:QUALIFIED_NAME"
      }
    },
    "id:57cd6a40-4808-4eba-8251-97fb6ee1b8d1": {
      "prov:type": {
        "$": "prov:KeyEntityPair",
        "type": "prov:QUALIFIED_NAME"
      },
      "prov:pairKey": "rgnames__rg",
      "prov:pairEntity": {
        "$": "data:2b84f621c0fd4ba8bd514c5c43ab9a897c8c014e",
        "type": "prov:QUALIFIED_NAME"
      }
    },
    "id:10afbc42-e2ff-4cfb-add9-454be0308b97": {
      "prov:type": {
        "$": "prov:KeyEntityPair",
        "type": "prov:QUALIFIED_NAME"
      },
      "prov:pairKey": "rgnames__sample",
      "prov:pairEntity": {
        "$": "data:2b84f621c0fd4ba8bd514c5c43ab9a897c8c014e",
        "type": "prov:QUALIFIED_NAME"
      }
    },
    "data:1ca8b9e823c9618003b36be9e5641adf694e8a53": {
      "prov:type": {
        "$": "wfprov:Artifact",
        "type": "prov:QUALIFIED_NAME"
      },
      "prov:value": "urn:uuid:3070e733-d0f9-4beb-9b6b-14878f3aa7c6"
    },
    "id:637a2c84-b79d-4244-afbe-737029e97ea1": {
      "prov:type": {
        "$": "prov:KeyEntityPair",
        "type": "prov:QUALIFIED_NAME"
      },
      "prov:pairKey": "@id",
      "prov:pairEntity": {
        "$": "data:1ca8b9e823c9618003b36be9e5641adf694e8a53",
        "type": "prov:QUALIFIED_NAME"
      }
    },
    "id:95012909-35e3-4c15-ad81-4ef29804228e": {
      "prov:type": [
        {
          "$": "wfprov:Artifact",
          "type": "prov:QUALIFIED_NAME"
        },
        {
          "$": "prov:Collection",
          "type": "prov:QUALIFIED_NAME"
        },
        {
          "$": "prov:Dictionary",
          "type": "prov:QUALIFIED_NAME"
        }
      ],
      "prov:hadDictionaryMember": [
        {
          "$": "id:ff052df8-9c37-4a35-8c7d-ac94c6284d50",
          "type": "prov:QUALIFIED_NAME"
        },
        {
          "$": "id:1e590751-97c2-4e00-9659-fe3340f592ed",
          "type": "prov:QUALIFIED_NAME"
        },
        {
          "$": "id:114f1cb3-fd7b-4ba0-bda2-fd02b7dbb93c",
          "type": "prov:QUALIFIED_NAME"
        },
        {
          "$": "id:8f89bdad-015b-4884-9789-b4729f382ec8",
          "type": "prov:QUALIFIED_NAME"
        }
      ]
    },
    "id:ff052df8-9c37-4a35-8c7d-ac94c6284d50": {
      "prov:type": {
        "$": "prov:KeyEntityPair",
        "type": "prov:QUALIFIED_NAME"
      },
      "prov:pairKey": "align_split",
      "prov:pairEntity": {
        "$": "cwlprov:None",
        "type": "prov:QUALIFIED_NAME"
      }
    },
    "data:f410e0466ae4b065bfa4d9010ad6056864ed4e50": {
      "prov:type": {
        "$": "wfprov:Artifact",
        "type": "prov:QUALIFIED_NAME"
      },
      "prov:value": "standard"
    },
    "id:1e590751-97c2-4e00-9659-fe3340f592ed": {
      "prov:type": {
        "$": "prov:KeyEntityPair",
        "type": "prov:QUALIFIED_NAME"
      },
      "prov:pairKey": "config__algorithm__quality_format",
      "prov:pairEntity": {
        "$": "data:f410e0466ae4b065bfa4d9010ad6056864ed4e50",
        "type": "prov:QUALIFIED_NAME"
      }
    },
    "id:a502f468-097e-4d32-80eb-f122a9a89c04": {
      "prov:type": [
        {
          "$": "wfprov:Artifact",
          "type": "prov:QUALIFIED_NAME"
        },
        {
          "$": "wf4ever:File",
          "type": "prov:QUALIFIED_NAME"
        }
      ],
      "cwlprov:basename": "Test2_7_100326_FC6107FAAXX_1.fq.gz",
      "cwlprov:nameroot": "Test2_7_100326_FC6107FAAXX_1.fq",
      "cwlprov:nameext": ".gz"
    },
    "data:1b37091434091c9b1ca7a4e3450a506f82f69d87": [
      {
        "prov:type": {
          "$": "wfprov:Artifact",
          "type": "prov:QUALIFIED_NAME"
        }
      },
      {}
    ],
    "id:ca785747-714f-413a-aa9d-5554e1bd58fa": {
      "prov:type": [
        {
          "$": "wfprov:Artifact",
          "type": "prov:QUALIFIED_NAME"
        },
        {
          "$": "wf4ever:File",
          "type": "prov:QUALIFIED_NAME"
        }
      ],
      "cwlprov:basename": "Test2_7_100326_FC6107FAAXX_1.fq.gz.gbi",
      "cwlprov:nameroot": "Test2_7_100326_FC6107FAAXX_1.fq.gz",
      "cwlprov:nameext": ".gbi"
    },
    "id:31072038-7917-4b3b-ab55-fe8cb0759512": {
      "prov:type": [
        {
          "$": "wfprov:Artifact",
          "type": "prov:QUALIFIED_NAME"
        },
        {
          "$": "wf4ever:File",
          "type": "prov:QUALIFIED_NAME"
        }
      ],
      "cwlprov:basename": "Test2_7_100326_FC6107FAAXX_2.fq.gz",
      "cwlprov:nameroot": "Test2_7_100326_FC6107FAAXX_2.fq",
      "cwlprov:nameext": ".gz"
    },
    "id:fe1f6566-c61d-4e02-b856-0cc2e82d1fbc": {
      "prov:type": [
        {
          "$": "wfprov:Artifact",
          "type": "prov:QUALIFIED_NAME"
        },
        {
          "$": "wf4ever:File",
          "type": "prov:QUALIFIED_NAME"
        }
      ],
      "cwlprov:basename": "Test2_7_100326_FC6107FAAXX_2.fq.gz.gbi",
      "cwlprov:nameroot": "Test2_7_100326_FC6107FAAXX_2.fq.gz",
      "cwlprov:nameext": ".gbi"
    },
    "id:178a64f0-db6b-4731-bfce-c2876cd8542f": {
      "prov:type": [
        {
          "$": "wfprov:Artifact",
          "type": "prov:QUALIFIED_NAME"
        },
        {
          "$": "prov:Collection",
          "type": "prov:QUALIFIED_NAME"
        }
      ]
    },
    "id:8f89bdad-015b-4884-9789-b4729f382ec8": {
      "prov:type": {
        "$": "prov:KeyEntityPair",
        "type": "prov:QUALIFIED_NAME"
      },
      "prov:pairKey": "files",
      "prov:pairEntity": {
        "$": "id:178a64f0-db6b-4731-bfce-c2876cd8542f",
        "type": "prov:QUALIFIED_NAME"
      }
    },
    "data:3bb53d969a4fa6907c38bbed25456aefbbff6414": {
      "prov:type": {
        "$": "wfprov:Artifact",
        "type": "prov:QUALIFIED_NAME"
      },
      "prov:value": "urn:uuid:95012909-35e3-4c15-ad81-4ef29804228e"
    },
    "id:114f1cb3-fd7b-4ba0-bda2-fd02b7dbb93c": {
      "prov:type": {
        "$": "prov:KeyEntityPair",
        "type": "prov:QUALIFIED_NAME"
      },
      "prov:pairKey": "@id",
      "prov:pairEntity": {
        "$": "data:3bb53d969a4fa6907c38bbed25456aefbbff6414",
        "type": "prov:QUALIFIED_NAME"
      }
    },
    "id:110acbd5-ff7b-4496-af29-53a273d13907": {
      "prov:type": [
        {
          "$": "wfprov:Artifact",
          "type": "prov:QUALIFIED_NAME"
        },
        {
          "$": "prov:Collection",
          "type": "prov:QUALIFIED_NAME"
        }
      ]
    },
    "data:3329e50e7a99abf3779a14b4279f93cb17c27b7f": [
      {
        "prov:type": {
          "$": "wfprov:Artifact",
          "type": "prov:QUALIFIED_NAME"
        }
      },
      {},
      {}
    ],
    "id:9646e7c4-1f3f-4760-ba42-97c7497734f2": {
      "prov:type": [
        {
          "$": "wfprov:Artifact",
          "type": "prov:QUALIFIED_NAME"
        },
        {
          "$": "wf4ever:File",
          "type": "prov:QUALIFIED_NAME"
        }
      ],
      "cwlprov:basename": "Test2-sort.bam",
      "cwlprov:nameroot": "Test2-sort",
      "cwlprov:nameext": ".bam"
    },
    "data:48e2ad7ab4aa4a882d907c002d7c5c4ccc2d68bc": [
      {
        "prov:type": {
          "$": "wfprov:Artifact",
          "type": "prov:QUALIFIED_NAME"
        }
      },
      {},
      {}
    ],
    "id:4f844745-6198-473c-8620-9334a81422e3": {
      "prov:type": [
        {
          "$": "wfprov:Artifact",
          "type": "prov:QUALIFIED_NAME"
        },
        {
          "$": "wf4ever:File",
          "type": "prov:QUALIFIED_NAME"
        }
      ],
      "cwlprov:basename": "Test2-sort.bam.bai",
      "cwlprov:nameroot": "Test2-sort.bam",
      "cwlprov:nameext": ".bai"
    },
    "id:0b0e2815-2e65-462d-98c9-8e7724545018": {
      "prov:type": [
        {
          "$": "wfprov:Artifact",
          "type": "prov:QUALIFIED_NAME"
        },
        {
          "$": "wf4ever:File",
          "type": "prov:QUALIFIED_NAME"
        }
      ],
      "cwlprov:basename": "Test2-sort.bam",
      "cwlprov:nameroot": "Test2-sort",
      "cwlprov:nameext": ".bam"
    },
    "id:3ed81470-056c-49b4-a5c1-8131950a4d74": {
      "prov:type": [
        {
          "$": "wfprov:Artifact",
          "type": "prov:QUALIFIED_NAME"
        },
        {
          "$": "wf4ever:File",
          "type": "prov:QUALIFIED_NAME"
        }
      ],
      "cwlprov:basename": "Test2-sort.bam.bai",
      "cwlprov:nameroot": "Test2-sort.bam",
      "cwlprov:nameext": ".bai"
    },
    "id:082160ca-5a45-4908-bd37-3f2877cafeb0": {
      "prov:type": [
        {
          "$": "wfprov:Artifact",
          "type": "prov:QUALIFIED_NAME"
        },
        {
          "$": "prov:Collection",
          "type": "prov:QUALIFIED_NAME"
        }
      ]
    },
    "id:4fd7514b-bafb-439d-85ef-d89600ad3c5a": {
      "prov:type": [
        {
          "$": "wfprov:Artifact",
          "type": "prov:QUALIFIED_NAME"
        },
        {
          "$": "prov:Collection",
          "type": "prov:QUALIFIED_NAME"
        }
      ]
    },
    "id:7ff4c272-1718-4ce1-af53-dae5e47ee50e": {
      "prov:type": [
        {
          "$": "wfprov:Artifact",
          "type": "prov:QUALIFIED_NAME"
        },
        {
          "$": "prov:Collection",
          "type": "prov:QUALIFIED_NAME"
        }
      ]
    },
    "id:a6d7200e-722e-468b-9c64-bb6da7063391": {
      "prov:type": [
        {
          "$": "wfprov:Artifact",
          "type": "prov:QUALIFIED_NAME"
        },
        {
          "$": "prov:Collection",
          "type": "prov:QUALIFIED_NAME"
        }
      ]
    },
    "id:544cacf3-dd0b-4644-952f-245d1a5b9f07": {
      "prov:type": [
        {
          "$": "wfprov:Artifact",
          "type": "prov:QUALIFIED_NAME"
        },
        {
          "$": "prov:Collection",
          "type": "prov:QUALIFIED_NAME"
        }
      ]
    },
    "id:84259eb2-b876-418d-8820-d130ef84d8f6": {
      "prov:type": [
        {
          "$": "wfprov:Artifact",
          "type": "prov:QUALIFIED_NAME"
        },
        {
          "$": "prov:Collection",
          "type": "prov:QUALIFIED_NAME"
        }
      ]
    },
    "id:24c1e9e6-2a24-40ce-82c9-30a8fbcc12e3": {
      "prov:type": [
        {
          "$": "wfprov:Artifact",
          "type": "prov:QUALIFIED_NAME"
        },
        {
          "$": "prov:Collection",
          "type": "prov:QUALIFIED_NAME"
        }
      ]
    },
    "id:98139985-9454-4f6e-9daf-dbe00dc5d012": {
      "prov:type": [
        {
          "$": "wfprov:Artifact",
          "type": "prov:QUALIFIED_NAME"
        },
        {
          "$": "wf4ever:File",
          "type": "prov:QUALIFIED_NAME"
        }
      ],
      "cwlprov:basename": "Test2-sort.bam",
      "cwlprov:nameroot": "Test2-sort",
      "cwlprov:nameext": ".bam"
    },
    "id:023fb2ff-a600-416a-8f9a-11f1071b8e65": {
      "prov:type": [
        {
          "$": "wfprov:Artifact",
          "type": "prov:QUALIFIED_NAME"
        },
        {
          "$": "wf4ever:File",
          "type": "prov:QUALIFIED_NAME"
        }
      ],
      "cwlprov:basename": "Test2-sort.bam.bai",
      "cwlprov:nameroot": "Test2-sort.bam",
      "cwlprov:nameext": ".bai"
    }
  },
  "hadMember": {
    "_:id7": {
      "prov:collection": "id:6c6452e7-dec2-4df1-8377-98298c6fd058",
      "prov:entity": "data:0e1d14a2180a6234ff47e1903faa5dbd7b45697b"
    },
    "_:id8": {
      "prov:collection": "id:6c6452e7-dec2-4df1-8377-98298c6fd058",
      "prov:entity": "id:c16ec335-a5a8-452c-b2eb-c1156c0b5e70"
    },
    "_:id9": [
      {
        "prov:collection": "id:6c6452e7-dec2-4df1-8377-98298c6fd058",
        "prov:entity": "cwlprov:None"
      },
      {
        "prov:collection": "id:6c6452e7-dec2-4df1-8377-98298c6fd058",
        "prov:entity": "cwlprov:None"
      },
      {
        "prov:collection": "id:6c6452e7-dec2-4df1-8377-98298c6fd058",
        "prov:entity": "cwlprov:None"
      },
      {
        "prov:collection": "id:6c6452e7-dec2-4df1-8377-98298c6fd058",
        "prov:entity": "cwlprov:None"
      },
      {
        "prov:collection": "id:6c6452e7-dec2-4df1-8377-98298c6fd058",
        "prov:entity": "cwlprov:None"
      },
      {
        "prov:collection": "id:6c6452e7-dec2-4df1-8377-98298c6fd058",
        "prov:entity": "cwlprov:None"
      },
      {
        "prov:collection": "id:6c6452e7-dec2-4df1-8377-98298c6fd058",
        "prov:entity": "cwlprov:None"
      }
    ],
    "_:id10": {
      "prov:collection": "id:6c6452e7-dec2-4df1-8377-98298c6fd058",
      "prov:entity": "id:cc17564d-dff5-4860-8883-722c0a27e5d6"
    },
    "_:id11": {
      "prov:collection": "id:6c6452e7-dec2-4df1-8377-98298c6fd058",
      "prov:entity": "data:97cdbdc7feff827efb082a6b6dd2727237cd49fd"
    },
    "_:id12": {
      "prov:collection": "id:6c6452e7-dec2-4df1-8377-98298c6fd058",
      "prov:entity": "id:644782f8-b57b-41a4-964d-aa10632eaf39"
    },
    "_:id13": [
      {
        "prov:collection": "id:6c6452e7-dec2-4df1-8377-98298c6fd058",
        "prov:entity": "data:732c48596ab1af91cbbb907a73468dfcd758ac8f"
      },
      {
        "prov:collection": "id:6c6452e7-dec2-4df1-8377-98298c6fd058",
        "prov:entity": "data:732c48596ab1af91cbbb907a73468dfcd758ac8f"
      },
      {
        "prov:collection": "id:6c6452e7-dec2-4df1-8377-98298c6fd058",
        "prov:entity": "data:732c48596ab1af91cbbb907a73468dfcd758ac8f"
      },
      {
        "prov:collection": "id:6c6452e7-dec2-4df1-8377-98298c6fd058",
        "prov:entity": "data:732c48596ab1af91cbbb907a73468dfcd758ac8f"
      },
      {
        "prov:collection": "id:6c6452e7-dec2-4df1-8377-98298c6fd058",
        "prov:entity": "data:732c48596ab1af91cbbb907a73468dfcd758ac8f"
      }
    ],
    "_:id19": {
      "prov:collection": "id:6c6452e7-dec2-4df1-8377-98298c6fd058",
      "prov:entity": "id:39a37240-7832-4f14-bd92-5f5f2a9f9cb9"
    },
    "_:id20": {
      "prov:collection": "id:6c6452e7-dec2-4df1-8377-98298c6fd058",
      "prov:entity": "data:f0f494c72a2bfebf049abce85ab47d88c51ba91b"
    },
    "_:id21": {
      "prov:collection": "id:6c6452e7-dec2-4df1-8377-98298c6fd058",
      "prov:entity": "data:c728bc938eecc9a0d33fd48b8ca230fdebbdea19"
    },
    "_:id22": {
      "prov:collection": "id:6c6452e7-dec2-4df1-8377-98298c6fd058",
      "prov:entity": "data:653975b311737354f838ff678f07c8c324b8a267"
    },
    "_:id24": [
      {
        "prov:collection": "id:1c0d77ab-1523-449d-a32a-79ce46159afe",
        "prov:entity": "cwlprov:None"
      },
      {
        "prov:collection": "id:1c0d77ab-1523-449d-a32a-79ce46159afe",
        "prov:entity": "cwlprov:None"
      },
      {
        "prov:collection": "id:1c0d77ab-1523-449d-a32a-79ce46159afe",
        "prov:entity": "cwlprov:None"
      }
    ],
    "_:id25": {
      "prov:collection": "id:1c0d77ab-1523-449d-a32a-79ce46159afe",
      "prov:entity": "data:f7f280a01c2efa7b1a1df7f95990eb9dff7d8906"
    },
    "_:id26": {
      "prov:collection": "id:9a92e54e-9685-4232-8730-b20a445b2109",
      "prov:entity": "id:1c0d77ab-1523-449d-a32a-79ce46159afe"
    },
    "_:id46": {
      "prov:collection": "id:7b771d81-cbf8-4574-b858-ff11e7582b2e",
      "prov:entity": "cwlprov:None"
    },
    "_:id48": {
      "prov:collection": "id:86660dd8-1c25-41d2-bc8a-158be21bd0d2",
      "prov:entity": "cwlprov:None"
    },
    "_:id50": {
      "prov:collection": "id:d616bd0e-a151-43d9-aef0-d2a66e5fa0dc",
      "prov:entity": "cwlprov:None"
    },
    "_:id52": {
      "prov:collection": "id:b2e32356-88e0-4ccc-b995-348830aff604",
      "prov:entity": "cwlprov:None"
    },
    "_:id54": {
      "prov:collection": "id:2091f0c0-1848-4689-bdd6-3532d5b6d525",
      "prov:entity": "cwlprov:None"
    },
    "_:id56": {
      "prov:collection": "id:644ab3a4-4539-47c4-9321-2c3f3d303e6e",
      "prov:entity": "cwlprov:None"
    },
    "_:id58": {
      "prov:collection": "id:7210671f-38ca-4675-b96f-3a4c98e09430",
      "prov:entity": "cwlprov:None"
    },
    "_:id77": {
      "prov:collection": "id:3070e733-d0f9-4beb-9b6b-14878f3aa7c6",
      "prov:entity": "data:0e1d14a2180a6234ff47e1903faa5dbd7b45697b"
    },
    "_:id78": {
      "prov:collection": "id:3070e733-d0f9-4beb-9b6b-14878f3aa7c6",
      "prov:entity": "id:b8e544e9-ec25-4681-a112-a376c248f824"
    },
    "_:id79": {
      "prov:collection": "id:3070e733-d0f9-4beb-9b6b-14878f3aa7c6",
      "prov:entity": "data:97cdbdc7feff827efb082a6b6dd2727237cd49fd"
    },
    "_:id80": {
      "prov:collection": "id:3070e733-d0f9-4beb-9b6b-14878f3aa7c6",
      "prov:entity": "data:8636742662b1db0fad6ea0c98c6451965d621ebe"
    },
    "_:id81": {
      "prov:collection": "id:3070e733-d0f9-4beb-9b6b-14878f3aa7c6",
      "prov:entity": "id:163ec509-6c0a-4799-bd83-8b71417af06d"
    },
    "_:id82": {
      "prov:collection": "id:3070e733-d0f9-4beb-9b6b-14878f3aa7c6",
      "prov:entity": "data:88b33e4e12f75ac8bf792aebde41f1a090f3a612"
    },
    "_:id83": {
      "prov:collection": "id:3070e733-d0f9-4beb-9b6b-14878f3aa7c6",
      "prov:entity": "id:f22712e9-7ec0-4999-913d-985a5421fa60"
    },
    "_:id84": [
      {
        "prov:collection": "id:3070e733-d0f9-4beb-9b6b-14878f3aa7c6",
        "prov:entity": "cwlprov:None"
      },
      {
        "prov:collection": "id:3070e733-d0f9-4beb-9b6b-14878f3aa7c6",
        "prov:entity": "cwlprov:None"
      },
      {
        "prov:collection": "id:3070e733-d0f9-4beb-9b6b-14878f3aa7c6",
        "prov:entity": "cwlprov:None"
      }
    ],
    "_:id85": [
      {
        "prov:collection": "id:3070e733-d0f9-4beb-9b6b-14878f3aa7c6",
        "prov:entity": "data:2b84f621c0fd4ba8bd514c5c43ab9a897c8c014e"
      },
      {
        "prov:collection": "id:3070e733-d0f9-4beb-9b6b-14878f3aa7c6",
        "prov:entity": "data:2b84f621c0fd4ba8bd514c5c43ab9a897c8c014e"
      },
      {
        "prov:collection": "id:3070e733-d0f9-4beb-9b6b-14878f3aa7c6",
        "prov:entity": "data:2b84f621c0fd4ba8bd514c5c43ab9a897c8c014e"
      },
      {
        "prov:collection": "id:3070e733-d0f9-4beb-9b6b-14878f3aa7c6",
        "prov:entity": "data:2b84f621c0fd4ba8bd514c5c43ab9a897c8c014e"
      },
      {
        "prov:collection": "id:3070e733-d0f9-4beb-9b6b-14878f3aa7c6",
        "prov:entity": "data:2b84f621c0fd4ba8bd514c5c43ab9a897c8c014e"
      }
    ],
    "_:id88": {
      "prov:collection": "id:c570b2f6-f003-4fa0-805e-8cb937b55ea9",
      "prov:entity": "id:9a6ba123-433e-484c-b0ab-207ba7169dad"
    },
    "_:id89": {
      "prov:collection": "id:c570b2f6-f003-4fa0-805e-8cb937b55ea9",
      "prov:entity": "id:b317c06c-9e4e-4169-8706-4d639a399efc"
    },
    "_:id90": {
      "prov:collection": "id:3070e733-d0f9-4beb-9b6b-14878f3aa7c6",
      "prov:entity": "id:c570b2f6-f003-4fa0-805e-8cb937b55ea9"
    },
    "_:id100": {
      "prov:collection": "id:3070e733-d0f9-4beb-9b6b-14878f3aa7c6",
      "prov:entity": "id:b23bf0ca-e962-4ac1-8bc4-c06080e64ca5"
    },
    "_:id106": {
      "prov:collection": "id:3070e733-d0f9-4beb-9b6b-14878f3aa7c6",
      "prov:entity": "id:b53b3970-2904-464b-8519-15bbfdbd0663"
    },
    "_:id107": {
      "prov:collection": "id:3070e733-d0f9-4beb-9b6b-14878f3aa7c6",
      "prov:entity": "data:f0f494c72a2bfebf049abce85ab47d88c51ba91b"
    },
    "_:id108": {
      "prov:collection": "id:3070e733-d0f9-4beb-9b6b-14878f3aa7c6",
      "prov:entity": "data:c728bc938eecc9a0d33fd48b8ca230fdebbdea19"
    },
    "_:id109": {
      "prov:collection": "id:3070e733-d0f9-4beb-9b6b-14878f3aa7c6",
      "prov:entity": "data:1ca8b9e823c9618003b36be9e5641adf694e8a53"
    },
    "_:id111": {
      "prov:collection": "id:95012909-35e3-4c15-ad81-4ef29804228e",
      "prov:entity": "cwlprov:None"
    },
    "_:id112": {
      "prov:collection": "id:95012909-35e3-4c15-ad81-4ef29804228e",
      "prov:entity": "data:f410e0466ae4b065bfa4d9010ad6056864ed4e50"
    },
    "_:id119": {
      "prov:collection": "id:178a64f0-db6b-4731-bfce-c2876cd8542f",
      "prov:entity": "id:a502f468-097e-4d32-80eb-f122a9a89c04"
    },
    "_:id120": {
      "prov:collection": "id:178a64f0-db6b-4731-bfce-c2876cd8542f",
      "prov:entity": "id:31072038-7917-4b3b-ab55-fe8cb0759512"
    },
    "_:id121": {
      "prov:collection": "id:95012909-35e3-4c15-ad81-4ef29804228e",
      "prov:entity": "id:178a64f0-db6b-4731-bfce-c2876cd8542f"
    },
    "_:id122": {
      "prov:collection": "id:95012909-35e3-4c15-ad81-4ef29804228e",
      "prov:entity": "data:3bb53d969a4fa6907c38bbed25456aefbbff6414"
    },
    "_:id123": {
      "prov:collection": "id:110acbd5-ff7b-4496-af29-53a273d13907",
      "prov:entity": "id:95012909-35e3-4c15-ad81-4ef29804228e"
    },
    "_:id149": {
      "prov:collection": "id:082160ca-5a45-4908-bd37-3f2877cafeb0",
      "prov:entity": "id:0b0e2815-2e65-462d-98c9-8e7724545018"
    },
    "_:id151": {
      "prov:collection": "id:4fd7514b-bafb-439d-85ef-d89600ad3c5a",
      "prov:entity": "id:9646e7c4-1f3f-4760-ba42-97c7497734f2"
    },
    "_:id153": {
      "prov:collection": "id:7ff4c272-1718-4ce1-af53-dae5e47ee50e",
      "prov:entity": "cwlprov:None"
    },
    "_:id155": {
      "prov:collection": "id:a6d7200e-722e-468b-9c64-bb6da7063391",
      "prov:entity": "cwlprov:None"
    },
    "_:id157": {
      "prov:collection": "id:544cacf3-dd0b-4644-952f-245d1a5b9f07",
      "prov:entity": "cwlprov:None"
    },
    "_:id159": {
      "prov:collection": "id:84259eb2-b876-418d-8820-d130ef84d8f6",
      "prov:entity": "cwlprov:None"
    },
    "_:id161": {
      "prov:collection": "id:24c1e9e6-2a24-40ce-82c9-30a8fbcc12e3",
      "prov:entity": "cwlprov:None"
    }
  },
  "specializationOf": {
    "_:id14": {
      "prov:specificEntity": "id:39a37240-7832-4f14-bd92-5f5f2a9f9cb9",
      "prov:generalEntity": "data:e2ca54abb52ba4013b16f3f31d4083b8bf6de054"
    },
    "_:id15": {
      "prov:specificEntity": "id:3539eff5-fa2a-4d98-9c7c-98d294420816",
      "prov:generalEntity": "data:f2e30d7e4f304ffd45ddd3cc26441434df8bf5fe"
    },
    "_:id17": {
      "prov:specificEntity": "id:05a458dc-19df-4ace-83a6-d72bec648298",
      "prov:generalEntity": "data:d8584a6cb5bcdc476b4577bf89a25e215ca61449"
    },
    "_:id86": {
      "prov:specificEntity": "id:9a6ba123-433e-484c-b0ab-207ba7169dad",
      "prov:generalEntity": "data:f9e8323319ff6bb9bf1cf4e8f6ecede9fdbd7e41"
    },
    "_:id87": {
      "prov:specificEntity": "id:b317c06c-9e4e-4169-8706-4d639a399efc",
      "prov:generalEntity": "data:f1d3dc61703f70a8b0419455bbd2ba5d1ed9eb6b"
    },
    "_:id91": {
      "prov:specificEntity": "id:b23bf0ca-e962-4ac1-8bc4-c06080e64ca5",
      "prov:generalEntity": "data:22ec87b283d1a354733eb33eaa632ee04542bbad"
    },
    "_:id92": {
      "prov:specificEntity": "id:7bbaa7c1-713c-4b60-96b2-5f77b0acdb92",
      "prov:generalEntity": "data:41af3bc76675641360d4817ffc77b99213126938"
    },
    "_:id94": {
      "prov:specificEntity": "id:f96d754f-71e5-435c-b621-f5e472f2518b",
      "prov:generalEntity": "data:2b6fb1bb71c10ffda852f3e4988cb0bdd24ebf9c"
    },
    "_:id96": {
      "prov:specificEntity": "id:d5050877-7138-43f8-9b08-681278db3bfd",
      "prov:generalEntity": "data:c4068635c6b5d33b2e64931ef056c26cca88f660"
    },
    "_:id98": {
      "prov:specificEntity": "id:db260413-f2bd-4e1d-a737-5082c55b5043",
      "prov:generalEntity": "data:6db9e9d10fd79f63c7f4be4f514244052c65b628"
    },
    "_:id101": {
      "prov:specificEntity": "id:b53b3970-2904-464b-8519-15bbfdbd0663",
      "prov:generalEntity": "data:e2ca54abb52ba4013b16f3f31d4083b8bf6de054"
    },
    "_:id102": {
      "prov:specificEntity": "id:4c9bca79-b3eb-404e-b76b-02b394c80434",
      "prov:generalEntity": "data:f2e30d7e4f304ffd45ddd3cc26441434df8bf5fe"
    },
    "_:id104": {
      "prov:specificEntity": "id:9ecef208-8be9-42de-ad1b-8e4c9ed8c976",
      "prov:generalEntity": "data:d8584a6cb5bcdc476b4577bf89a25e215ca61449"
    },
    "_:id113": {
      "prov:specificEntity": "id:a502f468-097e-4d32-80eb-f122a9a89c04",
      "prov:generalEntity": "data:f9e8323319ff6bb9bf1cf4e8f6ecede9fdbd7e41"
    },
    "_:id114": {
      "prov:specificEntity": "id:ca785747-714f-413a-aa9d-5554e1bd58fa",
      "prov:generalEntity": "data:1b37091434091c9b1ca7a4e3450a506f82f69d87"
    },
    "_:id116": {
      "prov:specificEntity": "id:31072038-7917-4b3b-ab55-fe8cb0759512",
      "prov:generalEntity": "data:f1d3dc61703f70a8b0419455bbd2ba5d1ed9eb6b"
    },
    "_:id117": {
      "prov:specificEntity": "id:fe1f6566-c61d-4e02-b856-0cc2e82d1fbc",
      "prov:generalEntity": "data:1b37091434091c9b1ca7a4e3450a506f82f69d87"
    },
    "_:id131": {
      "prov:specificEntity": "id:9646e7c4-1f3f-4760-ba42-97c7497734f2",
      "prov:generalEntity": "data:3329e50e7a99abf3779a14b4279f93cb17c27b7f"
    },
    "_:id132": {
      "prov:specificEntity": "id:4f844745-6198-473c-8620-9334a81422e3",
      "prov:generalEntity": "data:48e2ad7ab4aa4a882d907c002d7c5c4ccc2d68bc"
    },
    "_:id138": {
      "prov:specificEntity": "id:0b0e2815-2e65-462d-98c9-8e7724545018",
      "prov:generalEntity": "data:3329e50e7a99abf3779a14b4279f93cb17c27b7f"
    },
    "_:id139": {
      "prov:specificEntity": "id:3ed81470-056c-49b4-a5c1-8131950a4d74",
      "prov:generalEntity": "data:48e2ad7ab4aa4a882d907c002d7c5c4ccc2d68bc"
    },
    "_:id163": {
      "prov:specificEntity": "id:98139985-9454-4f6e-9daf-dbe00dc5d012",
      "prov:generalEntity": "data:3329e50e7a99abf3779a14b4279f93cb17c27b7f"
    },
    "_:id164": {
      "prov:specificEntity": "id:023fb2ff-a600-416a-8f9a-11f1071b8e65",
      "prov:generalEntity": "data:48e2ad7ab4aa4a882d907c002d7c5c4ccc2d68bc"
    }
  },
  "wasDerivedFrom": {
    "_:id16": {
      "prov:generatedEntity": "id:3539eff5-fa2a-4d98-9c7c-98d294420816",
      "prov:usedEntity": "id:39a37240-7832-4f14-bd92-5f5f2a9f9cb9",
      "prov:type": {
        "$": "cwlprov:SecondaryFile",
        "type": "prov:QUALIFIED_NAME"
      }
    },
    "_:id18": {
      "prov:generatedEntity": "id:05a458dc-19df-4ace-83a6-d72bec648298",
      "prov:usedEntity": "id:39a37240-7832-4f14-bd92-5f5f2a9f9cb9",
      "prov:type": {
        "$": "cwlprov:SecondaryFile",
        "type": "prov:QUALIFIED_NAME"
      }
    },
    "_:id93": {
      "prov:generatedEntity": "id:7bbaa7c1-713c-4b60-96b2-5f77b0acdb92",
      "prov:usedEntity": "id:b23bf0ca-e962-4ac1-8bc4-c06080e64ca5",
      "prov:type": {
        "$": "cwlprov:SecondaryFile",
        "type": "prov:QUALIFIED_NAME"
      }
    },
    "_:id95": {
      "prov:generatedEntity": "id:f96d754f-71e5-435c-b621-f5e472f2518b",
      "prov:usedEntity": "id:b23bf0ca-e962-4ac1-8bc4-c06080e64ca5",
      "prov:type": {
        "$": "cwlprov:SecondaryFile",
        "type": "prov:QUALIFIED_NAME"
      }
    },
    "_:id97": {
      "prov:generatedEntity": "id:d5050877-7138-43f8-9b08-681278db3bfd",
      "prov:usedEntity": "id:b23bf0ca-e962-4ac1-8bc4-c06080e64ca5",
      "prov:type": {
        "$": "cwlprov:SecondaryFile",
        "type": "prov:QUALIFIED_NAME"
      }
    },
    "_:id99": {
      "prov:generatedEntity": "id:db260413-f2bd-4e1d-a737-5082c55b5043",
      "prov:usedEntity": "id:b23bf0ca-e962-4ac1-8bc4-c06080e64ca5",
      "prov:type": {
        "$": "cwlprov:SecondaryFile",
        "type": "prov:QUALIFIED_NAME"
      }
    },
    "_:id103": {
      "prov:generatedEntity": "id:4c9bca79-b3eb-404e-b76b-02b394c80434",
      "prov:usedEntity": "id:b53b3970-2904-464b-8519-15bbfdbd0663",
      "prov:type": {
        "$": "cwlprov:SecondaryFile",
        "type": "prov:QUALIFIED_NAME"
      }
    },
    "_:id105": {
      "prov:generatedEntity": "id:9ecef208-8be9-42de-ad1b-8e4c9ed8c976",
      "prov:usedEntity": "id:b53b3970-2904-464b-8519-15bbfdbd0663",
      "prov:type": {
        "$": "cwlprov:SecondaryFile",
        "type": "prov:QUALIFIED_NAME"
      }
    },
    "_:id115": {
      "prov:generatedEntity": "id:ca785747-714f-413a-aa9d-5554e1bd58fa",
      "prov:usedEntity": "id:a502f468-097e-4d32-80eb-f122a9a89c04",
      "prov:type": {
        "$": "cwlprov:SecondaryFile",
        "type": "prov:QUALIFIED_NAME"
      }
    },
    "_:id118": {
      "prov:generatedEntity": "id:fe1f6566-c61d-4e02-b856-0cc2e82d1fbc",
      "prov:usedEntity": "id:31072038-7917-4b3b-ab55-fe8cb0759512",
      "prov:type": {
        "$": "cwlprov:SecondaryFile",
        "type": "prov:QUALIFIED_NAME"
      }
    },
    "_:id133": {
      "prov:generatedEntity": "id:4f844745-6198-473c-8620-9334a81422e3",
      "prov:usedEntity": "id:9646e7c4-1f3f-4760-ba42-97c7497734f2",
      "prov:type": {
        "$": "cwlprov:SecondaryFile",
        "type": "prov:QUALIFIED_NAME"
      }
    },
    "_:id140": {
      "prov:generatedEntity": "id:3ed81470-056c-49b4-a5c1-8131950a4d74",
      "prov:usedEntity": "id:0b0e2815-2e65-462d-98c9-8e7724545018",
      "prov:type": {
        "$": "cwlprov:SecondaryFile",
        "type": "prov:QUALIFIED_NAME"
      }
    },
    "_:id165": {
      "prov:generatedEntity": "id:023fb2ff-a600-416a-8f9a-11f1071b8e65",
      "prov:usedEntity": "id:98139985-9454-4f6e-9daf-dbe00dc5d012",
      "prov:type": {
        "$": "cwlprov:SecondaryFile",
        "type": "prov:QUALIFIED_NAME"
      }
    }
  },
  "used": {
    "_:id23": {
      "prov:activity": "id:95bea874-c7aa-465b-9b31-75224c77f2e9",
      "prov:entity": "id:6c6452e7-dec2-4df1-8377-98298c6fd058",
      "prov:time": "2018-09-24T23:24:59.137870",
      "prov:role": {
        "$": "wf:main/prep_align_inputs/alignment_rec",
        "type": "prov:QUALIFIED_NAME"
      }
    },
    "_:id32": {
      "prov:activity": "id:a888d7a8-26a5-4122-8a76-9f01a03da527",
      "prov:entity": "id:6c6452e7-dec2-4df1-8377-98298c6fd058",
      "prov:time": "2018-09-24T23:25:06.677460",
      "prov:role": {
        "$": "wf:main/process_alignment/alignment_rec",
        "type": "prov:QUALIFIED_NAME"
      }
    },
    "_:id33": {
      "prov:activity": "id:a888d7a8-26a5-4122-8a76-9f01a03da527",
      "prov:entity": "id:1c0d77ab-1523-449d-a32a-79ce46159afe",
      "prov:time": "2018-09-24T23:25:06.677705",
      "prov:role": {
        "$": "wf:main/process_alignment/process_alignment_rec",
        "type": "prov:QUALIFIED_NAME"
      }
    },
    "_:id45": {
      "prov:activity": "id:62c97648-dc8f-446f-a062-13ea08edb756",
      "prov:entity": "id:6c6452e7-dec2-4df1-8377-98298c6fd058",
      "prov:time": "2018-09-24T23:25:14.244491",
      "prov:role": {
        "$": "wf:main/merge_split_alignments/alignment_rec",
        "type": "prov:QUALIFIED_NAME"
      }
    },
    "_:id47": {
      "prov:activity": "id:62c97648-dc8f-446f-a062-13ea08edb756",
      "prov:entity": "id:7b771d81-cbf8-4574-b858-ff11e7582b2e",
      "prov:time": "2018-09-24T23:25:14.245053",
      "prov:role": {
        "$": "wf:main/merge_split_alignments/work_bam",
        "type": "prov:QUALIFIED_NAME"
      }
    },
    "_:id49": {
      "prov:activity": "id:62c97648-dc8f-446f-a062-13ea08edb756",
      "prov:entity": "id:86660dd8-1c25-41d2-bc8a-158be21bd0d2",
      "prov:time": "2018-09-24T23:25:14.245306",
      "prov:role": {
        "$": "wf:main/merge_split_alignments/align_bam_toolinput",
        "type": "prov:QUALIFIED_NAME"
      }
    },
    "_:id51": {
      "prov:activity": "id:62c97648-dc8f-446f-a062-13ea08edb756",
      "prov:entity": "id:d616bd0e-a151-43d9-aef0-d2a66e5fa0dc",
      "prov:time": "2018-09-24T23:25:14.245512",
      "prov:role": {
        "$": "wf:main/merge_split_alignments/work_bam_plus__disc_toolinput",
        "type": "prov:QUALIFIED_NAME"
      }
    },
    "_:id53": {
      "prov:activity": "id:62c97648-dc8f-446f-a062-13ea08edb756",
      "prov:entity": "id:b2e32356-88e0-4ccc-b995-348830aff604",
      "prov:time": "2018-09-24T23:25:14.245726",
      "prov:role": {
        "$": "wf:main/merge_split_alignments/work_bam_plus__sr_toolinput",
        "type": "prov:QUALIFIED_NAME"
      }
    },
    "_:id55": {
      "prov:activity": "id:62c97648-dc8f-446f-a062-13ea08edb756",
      "prov:entity": "id:2091f0c0-1848-4689-bdd6-3532d5b6d525",
      "prov:time": "2018-09-24T23:25:14.245934",
      "prov:role": {
        "$": "wf:main/merge_split_alignments/hla__fastq_toolinput",
        "type": "prov:QUALIFIED_NAME"
      }
    },
    "_:id57": {
      "prov:activity": "id:62c97648-dc8f-446f-a062-13ea08edb756",
      "prov:entity": "id:644ab3a4-4539-47c4-9321-2c3f3d303e6e",
      "prov:time": "2018-09-24T23:25:14.246142",
      "prov:role": {
        "$": "wf:main/merge_split_alignments/umi_bam_toolinput",
        "type": "prov:QUALIFIED_NAME"
      }
    },
    "_:id59": {
      "prov:activity": "id:62c97648-dc8f-446f-a062-13ea08edb756",
      "prov:entity": "id:7210671f-38ca-4675-b96f-3a4c98e09430",
      "prov:time": "2018-09-24T23:25:14.246339",
      "prov:role": {
        "$": "wf:main/merge_split_alignments/config__algorithm__rawumi_avg_cov_toolinput",
        "type": "prov:QUALIFIED_NAME"
      }
    },
    "_:id110": {
      "prov:activity": "id:d3ea6d10-3f21-4e67-a9d8-ad64a6ebe405",
      "prov:entity": "id:3070e733-d0f9-4beb-9b6b-14878f3aa7c6",
      "prov:time": "2018-09-24T23:25:22.197566",
      "prov:role": {
        "$": "wf:main/prep_align_inputs_2/alignment_rec",
        "type": "prov:QUALIFIED_NAME"
      }
    },
    "_:id129": {
      "prov:activity": "id:1ce14ef4-a002-4fba-acd3-3da1701186e4",
      "prov:entity": "id:3070e733-d0f9-4beb-9b6b-14878f3aa7c6",
      "prov:time": "2018-09-24T23:25:29.580631",
      "prov:role": {
        "$": "wf:main/process_alignment_2/alignment_rec",
        "type": "prov:QUALIFIED_NAME"
      }
    },
    "_:id130": {
      "prov:activity": "id:1ce14ef4-a002-4fba-acd3-3da1701186e4",
      "prov:entity": "id:95012909-35e3-4c15-ad81-4ef29804228e",
      "prov:time": "2018-09-24T23:25:29.580922",
      "prov:role": {
        "$": "wf:main/process_alignment_2/process_alignment_rec",
        "type": "prov:QUALIFIED_NAME"
      }
    },
    "_:id148": {
      "prov:activity": "id:017c8deb-e20c-489d-b946-7a3ce375eaa3",
      "prov:entity": "id:3070e733-d0f9-4beb-9b6b-14878f3aa7c6",
      "prov:time": "2018-09-24T23:25:42.884099",
      "prov:role": {
        "$": "wf:main/merge_split_alignments_2/alignment_rec",
        "type": "prov:QUALIFIED_NAME"
      }
    },
    "_:id150": {
      "prov:activity": "id:017c8deb-e20c-489d-b946-7a3ce375eaa3",
      "prov:entity": "id:082160ca-5a45-4908-bd37-3f2877cafeb0",
      "prov:time": "2018-09-24T23:25:42.884629",
      "prov:role": {
        "$": "wf:main/merge_split_alignments_2/work_bam",
        "type": "prov:QUALIFIED_NAME"
      }
    },
    "_:id152": {
      "prov:activity": "id:017c8deb-e20c-489d-b946-7a3ce375eaa3",
      "prov:entity": "id:4fd7514b-bafb-439d-85ef-d89600ad3c5a",
      "prov:time": "2018-09-24T23:25:42.884831",
      "prov:role": {
        "$": "wf:main/merge_split_alignments_2/align_bam_toolinput",
        "type": "prov:QUALIFIED_NAME"
      }
    },
    "_:id154": {
      "prov:activity": "id:017c8deb-e20c-489d-b946-7a3ce375eaa3",
      "prov:entity": "id:7ff4c272-1718-4ce1-af53-dae5e47ee50e",
      "prov:time": "2018-09-24T23:25:42.885049",
      "prov:role": {
        "$": "wf:main/merge_split_alignments_2/work_bam_plus__disc_toolinput",
        "type": "prov:QUALIFIED_NAME"
      }
    },
    "_:id156": {
      "prov:activity": "id:017c8deb-e20c-489d-b946-7a3ce375eaa3",
      "prov:entity": "id:a6d7200e-722e-468b-9c64-bb6da7063391",
      "prov:time": "2018-09-24T23:25:42.885266",
      "prov:role": {
        "$": "wf:main/merge_split_alignments_2/work_bam_plus__sr_toolinput",
        "type": "prov:QUALIFIED_NAME"
      }
    },
    "_:id158": {
      "prov:activity": "id:017c8deb-e20c-489d-b946-7a3ce375eaa3",
      "prov:entity": "id:544cacf3-dd0b-4644-952f-245d1a5b9f07",
      "prov:time": "2018-09-24T23:25:42.885452",
      "prov:role": {
        "$": "wf:main/merge_split_alignments_2/hla__fastq_toolinput",
        "type": "prov:QUALIFIED_NAME"
      }
    },
    "_:id160": {
      "prov:activity": "id:017c8deb-e20c-489d-b946-7a3ce375eaa3",
      "prov:entity": "id:84259eb2-b876-418d-8820-d130ef84d8f6",
      "prov:time": "2018-09-24T23:25:42.885650",
      "prov:role": {
        "$": "wf:main/merge_split_alignments_2/umi_bam_toolinput",
        "type": "prov:QUALIFIED_NAME"
      }
    },
    "_:id162": {
      "prov:activity": "id:017c8deb-e20c-489d-b946-7a3ce375eaa3",
      "prov:entity": "id:24c1e9e6-2a24-40ce-82c9-30a8fbcc12e3",
      "prov:time": "2018-09-24T23:25:42.885837",
      "prov:role": {
        "$": "wf:main/merge_split_alignments_2/config__algorithm__rawumi_avg_cov_toolinput",
        "type": "prov:QUALIFIED_NAME"
      }
    }
  },
  "wasGeneratedBy": {
    "_:id27": {
      "prov:entity": "id:9a92e54e-9685-4232-8730-b20a445b2109",
      "prov:activity": "id:95bea874-c7aa-465b-9b31-75224c77f2e9",
      "prov:time": "2018-09-24T23:25:06.583911",
      "prov:role": {
        "$": "wf:main/prep_align_inputs/process_alignment_rec",
        "type": "prov:QUALIFIED_NAME"
      }
    },
    "_:id34": {
      "prov:entity": "cwlprov:None",
      "prov:activity": "id:a888d7a8-26a5-4122-8a76-9f01a03da527",
      "prov:time": "2018-09-24T23:25:14.152325",
      "prov:role": {
        "$": "wf:main/process_alignment/align_bam",
        "type": "prov:QUALIFIED_NAME"
      }
    },
    "_:id35": {
      "prov:entity": "cwlprov:None",
      "prov:activity": "id:a888d7a8-26a5-4122-8a76-9f01a03da527",
      "prov:time": "2018-09-24T23:25:14.152325",
      "prov:role": {
        "$": "wf:main/process_alignment/config__algorithm__rawumi_avg_cov",
        "type": "prov:QUALIFIED_NAME"
      }
    },
    "_:id36": {
      "prov:entity": "cwlprov:None",
      "prov:activity": "id:a888d7a8-26a5-4122-8a76-9f01a03da527",
      "prov:time": "2018-09-24T23:25:14.152325",
      "prov:role": {
        "$": "wf:main/process_alignment/hla__fastq",
        "type": "prov:QUALIFIED_NAME"
      }
    },
    "_:id37": {
      "prov:entity": "cwlprov:None",
      "prov:activity": "id:a888d7a8-26a5-4122-8a76-9f01a03da527",
      "prov:time": "2018-09-24T23:25:14.152325",
      "prov:role": {
        "$": "wf:main/process_alignment/umi_bam",
        "type": "prov:QUALIFIED_NAME"
      }
    },
    "_:id38": {
      "prov:entity": "cwlprov:None",
      "prov:activity": "id:a888d7a8-26a5-4122-8a76-9f01a03da527",
      "prov:time": "2018-09-24T23:25:14.152325",
      "prov:role": {
        "$": "wf:main/process_alignment/work_bam",
        "type": "prov:QUALIFIED_NAME"
      }
    },
    "_:id39": {
      "prov:entity": "cwlprov:None",
      "prov:activity": "id:a888d7a8-26a5-4122-8a76-9f01a03da527",
      "prov:time": "2018-09-24T23:25:14.152325",
      "prov:role": {
        "$": "wf:main/process_alignment/work_bam_plus__disc",
        "type": "prov:QUALIFIED_NAME"
      }
    },
    "_:id40": {
      "prov:entity": "cwlprov:None",
      "prov:activity": "id:a888d7a8-26a5-4122-8a76-9f01a03da527",
      "prov:time": "2018-09-24T23:25:14.152325",
      "prov:role": {
        "$": "wf:main/process_alignment/work_bam_plus__sr",
        "type": "prov:QUALIFIED_NAME"
      }
    },
    "_:id60": {
      "prov:entity": "cwlprov:None",
      "prov:activity": "id:62c97648-dc8f-446f-a062-13ea08edb756",
      "prov:time": "2018-09-24T23:25:21.742380",
      "prov:role": {
        "$": "wf:main/merge_split_alignments/align_bam",
        "type": "prov:QUALIFIED_NAME"
      }
    },
    "_:id61": {
      "prov:entity": "cwlprov:None",
      "prov:activity": "id:62c97648-dc8f-446f-a062-13ea08edb756",
      "prov:time": "2018-09-24T23:25:21.742380",
      "prov:role": {
        "$": "wf:main/merge_split_alignments/config__algorithm__rawumi_avg_cov",
        "type": "prov:QUALIFIED_NAME"
      }
    },
    "_:id62": {
      "prov:entity": "cwlprov:None",
      "prov:activity": "id:62c97648-dc8f-446f-a062-13ea08edb756",
      "prov:time": "2018-09-24T23:25:21.742380",
      "prov:role": {
        "$": "wf:main/merge_split_alignments/hla__fastq",
        "type": "prov:QUALIFIED_NAME"
      }
    },
    "_:id63": {
      "prov:entity": "cwlprov:None",
      "prov:activity": "id:62c97648-dc8f-446f-a062-13ea08edb756",
      "prov:time": "2018-09-24T23:25:21.742380",
      "prov:role": {
        "$": "wf:main/merge_split_alignments/umi_bam",
        "type": "prov:QUALIFIED_NAME"
      }
    },
    "_:id64": {
      "prov:entity": "cwlprov:None",
      "prov:activity": "id:62c97648-dc8f-446f-a062-13ea08edb756",
      "prov:time": "2018-09-24T23:25:21.742380",
      "prov:role": {
        "$": "wf:main/merge_split_alignments/work_bam_plus__disc",
        "type": "prov:QUALIFIED_NAME"
      }
    },
    "_:id65": {
      "prov:entity": "cwlprov:None",
      "prov:activity": "id:62c97648-dc8f-446f-a062-13ea08edb756",
      "prov:time": "2018-09-24T23:25:21.742380",
      "prov:role": {
        "$": "wf:main/merge_split_alignments/work_bam_plus__sr",
        "type": "prov:QUALIFIED_NAME"
      }
    },
    "_:id67": {
      "prov:entity": "cwlprov:None",
      "prov:activity": "id:6caa1136-4536-4b12-9e5f-c602b3b9889a",
      "prov:time": "2018-09-24T23:25:21.744709",
      "prov:role": {
        "$": "wf:main/workflow%20alignment/align_bam",
        "type": "prov:QUALIFIED_NAME"
      }
    },
    "_:id68": {
      "prov:entity": "cwlprov:None",
      "prov:activity": "id:6caa1136-4536-4b12-9e5f-c602b3b9889a",
      "prov:time": "2018-09-24T23:25:21.744709",
      "prov:role": {
        "$": "wf:main/workflow%2520alignment/work_bam_plus__disc",
        "type": "prov:QUALIFIED_NAME"
      }
    },
    "_:id69": {
      "prov:entity": "cwlprov:None",
      "prov:activity": "id:6caa1136-4536-4b12-9e5f-c602b3b9889a",
      "prov:time": "2018-09-24T23:25:21.744709",
      "prov:role": {
        "$": "wf:main/workflow%252520alignment/work_bam_plus__sr",
        "type": "prov:QUALIFIED_NAME"
      }
    },
    "_:id70": {
      "prov:entity": "cwlprov:None",
      "prov:activity": "id:6caa1136-4536-4b12-9e5f-c602b3b9889a",
      "prov:time": "2018-09-24T23:25:21.744709",
      "prov:role": {
        "$": "wf:main/workflow%25252520alignment/hla__fastq",
        "type": "prov:QUALIFIED_NAME"
      }
    },
    "_:id71": {
      "prov:entity": "cwlprov:None",
      "prov:activity": "id:6caa1136-4536-4b12-9e5f-c602b3b9889a",
      "prov:time": "2018-09-24T23:25:21.744709",
      "prov:role": {
        "$": "wf:main/workflow%2525252520alignment/umi_bam",
        "type": "prov:QUALIFIED_NAME"
      }
    },
    "_:id72": {
      "prov:entity": "cwlprov:None",
      "prov:activity": "id:6caa1136-4536-4b12-9e5f-c602b3b9889a",
      "prov:time": "2018-09-24T23:25:21.744709",
      "prov:role": {
        "$": "wf:main/workflow%252525252520alignment/config__algorithm__rawumi_avg_cov",
        "type": "prov:QUALIFIED_NAME"
      }
    },
    "_:id124": {
      "prov:entity": "id:110acbd5-ff7b-4496-af29-53a273d13907",
      "prov:activity": "id:d3ea6d10-3f21-4e67-a9d8-ad64a6ebe405",
      "prov:time": "2018-09-24T23:25:29.445602",
      "prov:role": {
        "$": "wf:main/prep_align_inputs_2/process_alignment_rec",
        "type": "prov:QUALIFIED_NAME"
      }
    },
    "_:id134": {
      "prov:entity": "id:9646e7c4-1f3f-4760-ba42-97c7497734f2",
      "prov:activity": "id:1ce14ef4-a002-4fba-acd3-3da1701186e4",
      "prov:time": "2018-09-24T23:25:42.761041",
      "prov:role": {
        "$": "wf:main/process_alignment_2/align_bam",
        "type": "prov:QUALIFIED_NAME"
      }
    },
    "_:id135": {
      "prov:entity": "cwlprov:None",
      "prov:activity": "id:1ce14ef4-a002-4fba-acd3-3da1701186e4",
      "prov:time": "2018-09-24T23:25:42.761041",
      "prov:role": {
        "$": "wf:main/process_alignment_2/config__algorithm__rawumi_avg_cov",
        "type": "prov:QUALIFIED_NAME"
      }
    },
    "_:id136": {
      "prov:entity": "cwlprov:None",
      "prov:activity": "id:1ce14ef4-a002-4fba-acd3-3da1701186e4",
      "prov:time": "2018-09-24T23:25:42.761041",
      "prov:role": {
        "$": "wf:main/process_alignment_2/hla__fastq",
        "type": "prov:QUALIFIED_NAME"
      }
    },
    "_:id137": {
      "prov:entity": "cwlprov:None",
      "prov:activity": "id:1ce14ef4-a002-4fba-acd3-3da1701186e4",
      "prov:time": "2018-09-24T23:25:42.761041",
      "prov:role": {
        "$": "wf:main/process_alignment_2/umi_bam",
        "type": "prov:QUALIFIED_NAME"
      }
    },
    "_:id141": {
      "prov:entity": "id:0b0e2815-2e65-462d-98c9-8e7724545018",
      "prov:activity": "id:1ce14ef4-a002-4fba-acd3-3da1701186e4",
      "prov:time": "2018-09-24T23:25:42.761041",
      "prov:role": {
        "$": "wf:main/process_alignment_2/work_bam",
        "type": "prov:QUALIFIED_NAME"
      }
    },
    "_:id142": {
      "prov:entity": "cwlprov:None",
      "prov:activity": "id:1ce14ef4-a002-4fba-acd3-3da1701186e4",
      "prov:time": "2018-09-24T23:25:42.761041",
      "prov:role": {
        "$": "wf:main/process_alignment_2/work_bam_plus__disc",
        "type": "prov:QUALIFIED_NAME"
      }
    },
    "_:id143": {
      "prov:entity": "cwlprov:None",
      "prov:activity": "id:1ce14ef4-a002-4fba-acd3-3da1701186e4",
      "prov:time": "2018-09-24T23:25:42.761041",
      "prov:role": {
        "$": "wf:main/process_alignment_2/work_bam_plus__sr",
        "type": "prov:QUALIFIED_NAME"
      }
    },
    "_:id166": {
      "prov:entity": "id:98139985-9454-4f6e-9daf-dbe00dc5d012",
      "prov:activity": "id:017c8deb-e20c-489d-b946-7a3ce375eaa3",
      "prov:time": "2018-09-24T23:25:50.607246",
      "prov:role": {
        "$": "wf:main/merge_split_alignments_2/align_bam",
        "type": "prov:QUALIFIED_NAME"
      }
    },
    "_:id167": {
      "prov:entity": "cwlprov:None",
      "prov:activity": "id:017c8deb-e20c-489d-b946-7a3ce375eaa3",
      "prov:time": "2018-09-24T23:25:50.607246",
      "prov:role": {
        "$": "wf:main/merge_split_alignments_2/config__algorithm__rawumi_avg_cov",
        "type": "prov:QUALIFIED_NAME"
      }
    },
    "_:id168": {
      "prov:entity": "cwlprov:None",
      "prov:activity": "id:017c8deb-e20c-489d-b946-7a3ce375eaa3",
      "prov:time": "2018-09-24T23:25:50.607246",
      "prov:role": {
        "$": "wf:main/merge_split_alignments_2/hla__fastq",
        "type": "prov:QUALIFIED_NAME"
      }
    },
    "_:id169": {
      "prov:entity": "cwlprov:None",
      "prov:activity": "id:017c8deb-e20c-489d-b946-7a3ce375eaa3",
      "prov:time": "2018-09-24T23:25:50.607246",
      "prov:role": {
        "$": "wf:main/merge_split_alignments_2/umi_bam",
        "type": "prov:QUALIFIED_NAME"
      }
    },
    "_:id170": {
      "prov:entity": "cwlprov:None",
      "prov:activity": "id:017c8deb-e20c-489d-b946-7a3ce375eaa3",
      "prov:time": "2018-09-24T23:25:50.607246",
      "prov:role": {
        "$": "wf:main/merge_split_alignments_2/work_bam_plus__disc",
        "type": "prov:QUALIFIED_NAME"
      }
    },
    "_:id171": {
      "prov:entity": "cwlprov:None",
      "prov:activity": "id:017c8deb-e20c-489d-b946-7a3ce375eaa3",
      "prov:time": "2018-09-24T23:25:50.607246",
      "prov:role": {
        "$": "wf:main/merge_split_alignments_2/work_bam_plus__sr",
        "type": "prov:QUALIFIED_NAME"
      }
    },
    "_:id173": {
      "prov:entity": "id:98139985-9454-4f6e-9daf-dbe00dc5d012",
      "prov:activity": "id:6caa1136-4536-4b12-9e5f-c602b3b9889a",
      "prov:time": "2018-09-24T23:25:50.609948",
      "prov:role": {
        "$": "wf:main/workflow%20alignment_2/align_bam",
        "type": "prov:QUALIFIED_NAME"
      }
    },
    "_:id174": {
      "prov:entity": "cwlprov:None",
      "prov:activity": "id:6caa1136-4536-4b12-9e5f-c602b3b9889a",
      "prov:time": "2018-09-24T23:25:50.609948",
      "prov:role": {
        "$": "wf:main/workflow%2520alignment_2/work_bam_plus__disc",
        "type": "prov:QUALIFIED_NAME"
      }
    },
    "_:id175": {
      "prov:entity": "cwlprov:None",
      "prov:activity": "id:6caa1136-4536-4b12-9e5f-c602b3b9889a",
      "prov:time": "2018-09-24T23:25:50.609948",
      "prov:role": {
        "$": "wf:main/workflow%252520alignment_2/work_bam_plus__sr",
        "type": "prov:QUALIFIED_NAME"
      }
    },
    "_:id176": {
      "prov:entity": "cwlprov:None",
      "prov:activity": "id:6caa1136-4536-4b12-9e5f-c602b3b9889a",
      "prov:time": "2018-09-24T23:25:50.609948",
      "prov:role": {
        "$": "wf:main/workflow%25252520alignment_2/hla__fastq",
        "type": "prov:QUALIFIED_NAME"
      }
    },
    "_:id177": {
      "prov:entity": "cwlprov:None",
      "prov:activity": "id:6caa1136-4536-4b12-9e5f-c602b3b9889a",
      "prov:time": "2018-09-24T23:25:50.609948",
      "prov:role": {
        "$": "wf:main/workflow%2525252520alignment_2/umi_bam",
        "type": "prov:QUALIFIED_NAME"
      }
    },
    "_:id178": {
      "prov:entity": "cwlprov:None",
      "prov:activity": "id:6caa1136-4536-4b12-9e5f-c602b3b9889a",
      "prov:time": "2018-09-24T23:25:50.609948",
      "prov:role": {
        "$": "wf:main/workflow%252525252520alignment_2/config__algorithm__rawumi_avg_cov",
        "type": "prov:QUALIFIED_NAME"
      }
    }
  },
  "wasEndedBy": {
    "_:id28": {
      "prov:activity": "id:95bea874-c7aa-465b-9b31-75224c77f2e9",
      "prov:ender": "id:6caa1136-4536-4b12-9e5f-c602b3b9889a",
      "prov:time": "2018-09-24T23:25:06.586884"
    },
    "_:id41": {
      "prov:activity": "id:a888d7a8-26a5-4122-8a76-9f01a03da527",
      "prov:ender": "id:6caa1136-4536-4b12-9e5f-c602b3b9889a",
      "prov:time": "2018-09-24T23:25:14.153526"
    },
    "_:id66": {
      "prov:activity": "id:62c97648-dc8f-446f-a062-13ea08edb756",
      "prov:ender": "id:6caa1136-4536-4b12-9e5f-c602b3b9889a",
      "prov:time": "2018-09-24T23:25:21.743278"
    },
    "_:id73": {
      "prov:activity": "id:6caa1136-4536-4b12-9e5f-c602b3b9889a",
      "prov:ender": "id:107e38d7-985c-4b58-864b-f9277adeedec",
      "prov:time": "2018-09-24T23:25:21.745382"
    },
    "_:id125": {
      "prov:activity": "id:d3ea6d10-3f21-4e67-a9d8-ad64a6ebe405",
      "prov:ender": "id:6caa1136-4536-4b12-9e5f-c602b3b9889a",
      "prov:time": "2018-09-24T23:25:29.454873"
    },
    "_:id144": {
      "prov:activity": "id:1ce14ef4-a002-4fba-acd3-3da1701186e4",
      "prov:ender": "id:6caa1136-4536-4b12-9e5f-c602b3b9889a",
      "prov:time": "2018-09-24T23:25:42.773307"
    },
    "_:id172": {
      "prov:activity": "id:017c8deb-e20c-489d-b946-7a3ce375eaa3",
      "prov:ender": "id:6caa1136-4536-4b12-9e5f-c602b3b9889a",
      "prov:time": "2018-09-24T23:25:50.608638"
    },
    "_:id179": {
      "prov:activity": "id:6caa1136-4536-4b12-9e5f-c602b3b9889a",
      "prov:ender": "id:107e38d7-985c-4b58-864b-f9277adeedec",
      "prov:time": "2018-09-24T23:25:50.610548"
    }
  }
}