{
  "prefix": {
    "wfprov": "http://purl.org/wf4ever/wfprov#",
    "wfdesc": "http://purl.org/wf4ever/wfdesc#",
    "cwlprov": "https://w3id.org/cwl/prov#",
    "foaf": "http://xmlns.com/foaf/0.1/",
    "schema": "http://schema.org/",
    "orcid": "https://orcid.org/",
    "id": "urn:uuid:",
    "data": "urn:hash::sha1:",
    "sha256": "nih:sha-256;",
    "researchobject": "arcp://uuid,6c524b27-a780-41da-9861-f21ea1fe6a3e/",
    "metadata": "arcp://uuid,6c524b27-a780-41da-9861-f21ea1fe6a3e/metadata/",
    "provenance": "arcp://uuid,6c524b27-a780-41da-9861-f21ea1fe6a3e/metadata/provenance/",
    "wf": "arcp://uuid,6c524b27-a780-41da-9861-f21ea1fe6a3e/workflow/packed.cwl#",
    "input": "arcp://uuid,6c524b27-a780-41da-9861-f21ea1fe6a3e/workflow/primary-job.json#",
    "wf4ever": "http://purl.org/wf4ever/wf4ever#"
  },
  "agent": {
    "id:5491fe59-1eb8-40dc-b107-604698984c0f": {},
    "id:107e38d7-985c-4b58-864b-f9277adeedec": {
      "prov:type": [
        {
          "$": "wfprov:WorkflowEngine",
          "type": "prov:QUALIFIED_NAME"
        },
        {
          "$": "prov:SoftwareAgent",
          "type": "prov:QUALIFIED_NAME"
        }
      ],
      "prov:label": "cwltool 1.0.20180924092733"
    },
    "id:6a2d4744-e1bc-435d-a2ee-d5045581adde": {
      "prov:type": {
        "$": "prov:SoftwareAgent",
        "type": "prov:QUALIFIED_NAME"
      },
      "cwlprov:image": "quay.io/bcbio/bcbio-vc",
      "prov:label": "Container execution of image quay.io/bcbio/bcbio-vc"
    },
    "id:4becb999-4e0f-48de-9d65-f8212b1c05f4": {
      "prov:type": {
        "$": "prov:SoftwareAgent",
        "type": "prov:QUALIFIED_NAME"
      },
      "cwlprov:image": "quay.io/bcbio/bcbio-vc",
      "prov:label": "Container execution of image quay.io/bcbio/bcbio-vc"
    },
    "id:9faa3001-f689-47df-afe0-795f1e5c69f8": {
      "prov:type": {
        "$": "prov:SoftwareAgent",
        "type": "prov:QUALIFIED_NAME"
      },
      "cwlprov:image": "quay.io/bcbio/bcbio-vc",
      "prov:label": "Container execution of image quay.io/bcbio/bcbio-vc"
    }
  },
  "wasStartedBy": {
    "_:id1": {
      "prov:activity": "id:107e38d7-985c-4b58-864b-f9277adeedec",
      "prov:starter": "id:5491fe59-1eb8-40dc-b107-604698984c0f",
      "prov:time": "2018-09-24T23:24:41.689732"
    },
    "_:id3": {
      "prov:activity": "id:6caa1136-4536-4b12-9e5f-c602b3b9889a",
      "prov:starter": "id:107e38d7-985c-4b58-864b-f9277adeedec",
      "prov:time": "2018-09-24T23:24:41.690022"
    },
    "_:id5": {
      "prov:activity": "id:95bea874-c7aa-465b-9b31-75224c77f2e9",
      "prov:starter": "id:6caa1136-4536-4b12-9e5f-c602b3b9889a",
      "prov:time": "2018-09-24T23:24:59.056366"
    },
    "_:id30": {
      "prov:activity": "id:a888d7a8-26a5-4122-8a76-9f01a03da527",
      "prov:starter": "id:6caa1136-4536-4b12-9e5f-c602b3b9889a",
      "prov:time": "2018-09-24T23:25:06.610729"
    },
    "_:id43": {
      "prov:activity": "id:62c97648-dc8f-446f-a062-13ea08edb756",
      "prov:starter": "id:6caa1136-4536-4b12-9e5f-c602b3b9889a",
      "prov:time": "2018-09-24T23:25:14.177129"
    }
  },
  "activity": {
    "id:6caa1136-4536-4b12-9e5f-c602b3b9889a": {
      "prov:startTime": "2018-09-24T23:24:41.689829",
      "prov:type": {
        "$": "wfprov:WorkflowRun",
        "type": "prov:QUALIFIED_NAME"
      },
      "prov:label": "Run of workflow/packed.cwl#main"
    },
    "id:95bea874-c7aa-465b-9b31-75224c77f2e9": {
      "prov:type": {
        "$": "wfprov:ProcessRun",
        "type": "prov:QUALIFIED_NAME"
      },
      "prov:label": "Run of workflow/packed.cwl#main/prep_align_inputs"
    },
    "id:a888d7a8-26a5-4122-8a76-9f01a03da527": {
      "prov:type": {
        "$": "wfprov:ProcessRun",
        "type": "prov:QUALIFIED_NAME"
      },
      "prov:label": "Run of workflow/packed.cwl#main/process_alignment"
    },
    "id:62c97648-dc8f-446f-a062-13ea08edb756": {
      "prov:type": {
        "$": "wfprov:ProcessRun",
        "type": "prov:QUALIFIED_NAME"
      },
      "prov:label": "Run of workflow/packed.cwl#main/merge_split_alignments"
    }
  },
  "wasAssociatedWith": {
    "_:id2": {
      "prov:activity": "id:6caa1136-4536-4b12-9e5f-c602b3b9889a",
      "prov:agent": "id:107e38d7-985c-4b58-864b-f9277adeedec",
      "prov:plan": "wf:main"
    },
    "_:id4": {
      "prov:activity": "id:95bea874-c7aa-465b-9b31-75224c77f2e9",
      "prov:agent": "id:107e38d7-985c-4b58-864b-f9277adeedec",
      "prov:plan": "wf:main/prep_align_inputs"
    },
    "_:id6": {
      "prov:activity": "id:95bea874-c7aa-465b-9b31-75224c77f2e9",
      "prov:agent": "id:6a2d4744-e1bc-435d-a2ee-d5045581adde"
    },
    "_:id29": {
      "prov:activity": "id:a888d7a8-26a5-4122-8a76-9f01a03da527",
      "prov:agent": "id:107e38d7-985c-4b58-864b-f9277adeedec",
      "prov:plan": "wf:main/process_alignment"
    },
    "_:id31": {
      "prov:activity": "id:a888d7a8-26a5-4122-8a76-9f01a03da527",
      "prov:agent": "id:4becb999-4e0f-48de-9d65-f8212b1c05f4"
    },
    "_:id42": {
      "prov:activity": "id:62c97648-dc8f-446f-a062-13ea08edb756",
      "prov:agent": "id:107e38d7-985c-4b58-864b-f9277adeedec",
      "prov:plan": "wf:main/merge_split_alignments"
    },
    "_:id44": {
      "prov:activity": "id:62c97648-dc8f-446f-a062-13ea08edb756",
      "prov:agent": "id:9faa3001-f689-47df-afe0-795f1e5c69f8"
    }
  },
  "entity": {
    "wf:main": [
      {
        "prov:type": [
          {
            "$": "wfdesc:Workflow",
            "type": "prov:QUALIFIED_NAME"
          },
          {
            "$": "prov:Plan",
            "type": "prov:QUALIFIED_NAME"
          }
        ],
        "prov:label": "Prospective provenance"
      },
      {
        "wfdesc:hasSubProcess": {
          "$": "wf:main/merge_split_alignments",
          "type": "prov:QUALIFIED_NAME"
        },
        "prov:label": "Prospective provenance"
      },
      {
        "wfdesc:hasSubProcess": {
          "$": "wf:main/process_alignment",
          "type": "prov:QUALIFIED_NAME"
        },
        "prov:label": "Prospective provenance"
      },
      {
        "wfdesc:hasSubProcess": {
          "$": "wf:main/prep_align_inputs",
          "type": "prov:QUALIFIED_NAME"
        },
        "prov:label": "Prospective provenance"
      }
    ],
    "wf:main/merge_split_alignments": {
      "prov:type": [
        {
          "$": "prov:Plan",
          "type": "prov:QUALIFIED_NAME"
        },
        {
          "$": "wfdesc:Process",
          "type": "prov:QUALIFIED_NAME"
        }
      ]
    },
    "wf:main/process_alignment": {
      "prov:type": [
        {
          "$": "prov:Plan",
          "type": "prov:QUALIFIED_NAME"
        },
        {
          "$": "wfdesc:Process",
          "type": "prov:QUALIFIED_NAME"
        }
      ]
    },
    "wf:main/prep_align_inputs": {
      "prov:type": [
        {
          "$": "prov:Plan",
          "type": "prov:QUALIFIED_NAME"
        },
        {
          "$": "wfdesc:Process",
          "type": "prov:QUALIFIED_NAME"
        }
      ]
    },
    "id:6c6452e7-dec2-4df1-8377-98298c6fd058": {
      "prov:type": [
        {
          "$": "wfprov:Artifact",
          "type": "prov:QUALIFIED_NAME"
        },
        {
          "$": "prov:Collection",
          "type": "prov:QUALIFIED_NAME"
        },
        {
          "$": "prov:Dictionary",
          "type": "prov:QUALIFIED_NAME"
        }
      ],
      "prov:hadDictionaryMember": [
        {
          "$": "id:7a7e3f39-0e8b-4c44-9df0-fa2683bee30a",
          "type": "prov:QUALIFIED_NAME"
        },
        {
          "$": "id:73f5ca41-5f84-478d-a78b-c1e156ee8c1b",
          "type": "prov:QUALIFIED_NAME"
        },
        {
          "$": "id:d6febc64-84ed-49e6-9742-d70f4d0c3e0f",
          "type": "prov:QUALIFIED_NAME"
        },
        {
          "$": "id:0d44bfb5-a362-47d9-ba2a-b61e0ca5330a",
          "type": "prov:QUALIFIED_NAME"
        },
        {
          "$": "id:ee6b97e9-6963-4299-b2fd-b3caf59a747d",
          "type": "prov:QUALIFIED_NAME"
        },
        {
          "$": "id:f8bb4e2e-a3a1-49c4-bfec-db47fc1bf436",
          "type": "prov:QUALIFIED_NAME"
        },
        {
          "$": "id:5897605c-2fa7-4cf2-a684-083bef36957a",
          "type": "prov:QUALIFIED_NAME"
        },
        {
          "$": "id:a7ceadf0-8edc-4400-8f11-81d4b2b6225d",
          "type": "prov:QUALIFIED_NAME"
        },
        {
          "$": "id:c52c3965-b1a7-40ea-a53e-93cd3a6473ca",
          "type": "prov:QUALIFIED_NAME"
        },
        {
          "$": "id:f1ccf914-8a58-47ac-8c50-fc3d20a204a6",
          "type": "prov:QUALIFIED_NAME"
        },
        {
          "$": "id:87971b3d-df4d-46bb-917f-9952c61c8fd4",
          "type": "prov:QUALIFIED_NAME"
        },
        {
          "$": "id:53370808-5541-4f15-a2a7-f0956e3a4403",
          "type": "prov:QUALIFIED_NAME"
        },
        {
          "$": "id:e4c38d61-b9bf-4cb2-b4d2-65d7bd94f51e",
          "type": "prov:QUALIFIED_NAME"
        },
        {
          "$": "id:d9679830-8e76-483e-bcfb-bfa8518357fa",
          "type": "prov:QUALIFIED_NAME"
        },
        {
          "$": "id:58c3c438-c1b1-4a08-9e6b-97b4efde742e",
          "type": "prov:QUALIFIED_NAME"
        },
        {
          "$": "id:652e64cc-4166-4816-85bc-b261b65cf7f9",
          "type": "prov:QUALIFIED_NAME"
        },
        {
          "$": "id:cfaa1ee4-edb1-4fe7-8c84-c57b2fdf4c9c",
          "type": "prov:QUALIFIED_NAME"
        },
        {
          "$": "id:2c189f2c-e89b-4c5e-be2b-6e218a112288",
          "type": "prov:QUALIFIED_NAME"
        },
        {
          "$": "id:450f7454-5d42-4898-bd7d-444122ad45e5",
          "type": "prov:QUALIFIED_NAME"
        },
        {
          "$": "id:31079fcf-0170-48af-a6aa-8dc7c8dee8f2",
          "type": "prov:QUALIFIED_NAME"
        },
        {
          "$": "id:5239bd33-4694-4e66-92d0-22a3af81a6e4",
          "type": "prov:QUALIFIED_NAME"
        }
      ]
    },
    "data:0e1d14a2180a6234ff47e1903faa5dbd7b45697b": {
      "prov:type": {
        "$": "wfprov:Artifact",
        "type": "prov:QUALIFIED_NAME"
      },
      "prov:value": "variant"
    },
    "id:7a7e3f39-0e8b-4c44-9df0-fa2683bee30a": {
      "prov:type": {
        "$": "prov:KeyEntityPair",
        "type": "prov:QUALIFIED_NAME"
      },
      "prov:pairKey": "analysis",
      "prov:pairEntity": {
        "$": "data:0e1d14a2180a6234ff47e1903faa5dbd7b45697b",
        "type": "prov:QUALIFIED_NAME"
      }
    },
    "id:c16ec335-a5a8-452c-b2eb-c1156c0b5e70": {
      "prov:type": [
        {
          "$": "prov:EmptyCollection",
          "type": "prov:QUALIFIED_NAME"
        },
        {
          "$": "wfprov:Artifact",
          "type": "prov:QUALIFIED_NAME"
        },
        {
          "$": "prov:Collection",
          "type": "prov:QUALIFIED_NAME"
        }
      ]
    },
    "id:450f7454-5d42-4898-bd7d-444122ad45e5": {
      "prov:type": {
        "$": "prov:KeyEntityPair",
        "type": "prov:QUALIFIED_NAME"
      },
      "prov:pairKey": "config__algorithm__adapters",
      "prov:pairEntity": {
        "$": "id:c16ec335-a5a8-452c-b2eb-c1156c0b5e70",
        "type": "prov:QUALIFIED_NAME"
      }
    },
    "cwlprov:None": [
      {
        "prov:label": "None"
      },
      {
        "prov:label": "None"
      },
      {
        "prov:label": "None"
      },
      {
        "prov:label": "None"
      },
      {
        "prov:label": "None"
      },
      {
        "prov:label": "None"
      },
      {
        "prov:label": "None"
      },
      {
        "prov:label": "None"
      },
      {
        "prov:label": "None"
      },
      {
        "prov:label": "None"
      },
      {
        "prov:label": "None"
      },
      {
        "prov:label": "None"
      },
      {
        "prov:label": "None"
      },
      {
        "prov:label": "None"
      },
      {
        "prov:label": "None"
      },
      {
        "prov:label": "None"
      },
      {
        "prov:label": "None"
      },
      {
        "prov:label": "None"
      },
      {
        "prov:label": "None"
      },
      {
        "prov:label": "None"
      },
      {
        "prov:label": "None"
      },
      {
        "prov:label": "None"
      },
      {
        "prov:label": "None"
      },
      {
        "prov:label": "None"
      },
      {
        "prov:label": "None"
      },
      {
        "prov:label": "None"
      },
      {
        "prov:label": "None"
      },
      {
        "prov:label": "None"
      },
      {
        "prov:label": "None"
      },
      {
        "prov:label": "None"
      },
      {
        "prov:label": "None"
      },
      {
        "prov:label": "None"
      },
      {
        "prov:label": "None"
      },
      {
        "prov:label": "None"
      },
      {
        "prov:label": "None"
      },
      {
        "prov:label": "None"
      }
    ],
    "id:31079fcf-0170-48af-a6aa-8dc7c8dee8f2": {
      "prov:type": {
        "$": "prov:KeyEntityPair",
        "type": "prov:QUALIFIED_NAME"
      },
      "prov:pairKey": "config__algorithm__align_split_size",
      "prov:pairEntity": {
        "$": "cwlprov:None",
        "type": "prov:QUALIFIED_NAME"
      }
    },
    "id:d9679830-8e76-483e-bcfb-bfa8518357fa": {
      "prov:type": {
        "$": "prov:KeyEntityPair",
        "type": "prov:QUALIFIED_NAME"
      },
      "prov:pairKey": "config__algorithm__aligner",
      "prov:pairEntity": {
        "$": "cwlprov:None",
        "type": "prov:QUALIFIED_NAME"
      }
    },
    "id:cc17564d-dff5-4860-8883-722c0a27e5d6": {
      "prov:value": false
    },
    "id:2c189f2c-e89b-4c5e-be2b-6e218a112288": {
      "prov:type": {
        "$": "prov:KeyEntityPair",
        "type": "prov:QUALIFIED_NAME"
      },
      "prov:pairKey": "config__algorithm__bam_clean",
      "prov:pairEntity": {
        "$": "id:cc17564d-dff5-4860-8883-722c0a27e5d6",
        "type": "prov:QUALIFIED_NAME"
      }
    },
    "data:97cdbdc7feff827efb082a6b6dd2727237cd49fd": {
      "prov:type": {
        "$": "wfprov:Artifact",
        "type": "prov:QUALIFIED_NAME"
      },
      "prov:value": "False"
    },
    "id:53370808-5541-4f15-a2a7-f0956e3a4403": {
      "prov:type": {
        "$": "prov:KeyEntityPair",
        "type": "prov:QUALIFIED_NAME"
      },
      "prov:pairKey": "config__algorithm__mark_duplicates",
      "prov:pairEntity": {
        "$": "data:97cdbdc7feff827efb082a6b6dd2727237cd49fd",
        "type": "prov:QUALIFIED_NAME"
      }
    },
    "id:644782f8-b57b-41a4-964d-aa10632eaf39": {
      "prov:value": false
    },
    "id:a7ceadf0-8edc-4400-8f11-81d4b2b6225d": {
      "prov:type": {
        "$": "prov:KeyEntityPair",
        "type": "prov:QUALIFIED_NAME"
      },
      "prov:pairKey": "config__algorithm__trim_reads",
      "prov:pairEntity": {
        "$": "id:644782f8-b57b-41a4-964d-aa10632eaf39",
        "type": "prov:QUALIFIED_NAME"
      }
    },
    "id:0d44bfb5-a362-47d9-ba2a-b61e0ca5330a": {
      "prov:type": {
        "$": "prov:KeyEntityPair",
        "type": "prov:QUALIFIED_NAME"
      },
      "prov:pairKey": "config__algorithm__umi_type",
      "prov:pairEntity": {
        "$": "cwlprov:None",
        "type": "prov:QUALIFIED_NAME"
      }
    },
    "data:732c48596ab1af91cbbb907a73468dfcd758ac8f": [
      {
        "prov:type": {
          "$": "wfprov:Artifact",
          "type": "prov:QUALIFIED_NAME"
        },
        "prov:value": "VarOnly"
      },
      {
        "prov:type": {
          "$": "wfprov:Artifact",
          "type": "prov:QUALIFIED_NAME"
        },
        "prov:value": "VarOnly"
      },
      {
        "prov:type": {
          "$": "wfprov:Artifact",
          "type": "prov:QUALIFIED_NAME"
        },
        "prov:value": "VarOnly"
      },
      {
        "prov:type": {
          "$": "wfprov:Artifact",
          "type": "prov:QUALIFIED_NAME"
        },
        "prov:value": "VarOnly"
      },
      {
        "prov:type": {
          "$": "wfprov:Artifact",
          "type": "prov:QUALIFIED_NAME"
        },
        "prov:value": "VarOnly"
      }
    ],
    "id:652e64cc-4166-4816-85bc-b261b65cf7f9": {
      "prov:type": {
        "$": "prov:KeyEntityPair",
        "type": "prov:QUALIFIED_NAME"
      },
      "prov:pairKey": "description",
      "prov:pairEntity": {
        "$": "data:732c48596ab1af91cbbb907a73468dfcd758ac8f",
        "type": "prov:QUALIFIED_NAME"
      }
    },
    "id:d6febc64-84ed-49e6-9742-d70f4d0c3e0f": {
      "prov:type": {
        "$": "prov:KeyEntityPair",
        "type": "prov:QUALIFIED_NAME"
      },
      "prov:pairKey": "files",
      "prov:pairEntity": {
        "$": "cwlprov:None",
        "type": "prov:QUALIFIED_NAME"
      }
    },
    "id:73f5ca41-5f84-478d-a78b-c1e156ee8c1b": {
      "prov:type": {
        "$": "prov:KeyEntityPair",
        "type": "prov:QUALIFIED_NAME"
      },
      "prov:pairKey": "reference__bwa__indexes",
      "prov:pairEntity": {
        "$": "cwlprov:None",
        "type": "prov:QUALIFIED_NAME"
      }
    },
    "data:e2ca54abb52ba4013b16f3f31d4083b8bf6de054": {},
    "id:39a37240-7832-4f14-bd92-5f5f2a9f9cb9": {
      "prov:type": [
        {
          "$": "wfprov:Artifact",
          "type": "prov:QUALIFIED_NAME"
        },
        {
          "$": "wf4ever:File",
          "type": "prov:QUALIFIED_NAME"
        }
      ],
      "cwlprov:basename": "hg19.fa",
      "cwlprov:nameroot": "hg19",
      "cwlprov:nameext": ".fa"
    },
    "data:f2e30d7e4f304ffd45ddd3cc26441434df8bf5fe": {},
    "id:3539eff5-fa2a-4d98-9c7c-98d294420816": {
      "prov:type": [
        {
          "$": "wfprov:Artifact",
          "type": "prov:QUALIFIED_NAME"
        },
        {
          "$": "wf4ever:File",
          "type": "prov:QUALIFIED_NAME"
        }
      ],
      "cwlprov:basename": "hg19.fa.fai",
      "cwlprov:nameroot": "hg19.fa",
      "cwlprov:nameext": ".fai"
    },
    "data:d8584a6cb5bcdc476b4577bf89a25e215ca61449": {},
    "id:05a458dc-19df-4ace-83a6-d72bec648298": {
      "prov:type": [
        {
          "$": "wfprov:Artifact",
          "type": "prov:QUALIFIED_NAME"
        },
        {
          "$": "wf4ever:File",
          "type": "prov:QUALIFIED_NAME"
        }
      ],
      "cwlprov:basename": "hg19.dict",
      "cwlprov:nameroot": "hg19",
      "cwlprov:nameext": ".dict"
    },
    "id:f1ccf914-8a58-47ac-8c50-fc3d20a204a6": {
      "prov:type": {
        "$": "prov:KeyEntityPair",
        "type": "prov:QUALIFIED_NAME"
      },
      "prov:pairKey": "reference__fasta__base",
      "prov:pairEntity": {
        "$": "id:39a37240-7832-4f14-bd92-5f5f2a9f9cb9",
        "type": "prov:QUALIFIED_NAME"
      }
    },
    "id:87971b3d-df4d-46bb-917f-9952c61c8fd4": {
      "prov:type": {
        "$": "prov:KeyEntityPair",
        "type": "prov:QUALIFIED_NAME"
      },
      "prov:pairKey": "reference__minimap2__indexes",
      "prov:pairEntity": {
        "$": "cwlprov:None",
        "type": "prov:QUALIFIED_NAME"
      }
    },
    "data:f0f494c72a2bfebf049abce85ab47d88c51ba91b": {
      "prov:type": {
        "$": "wfprov:Artifact",
        "type": "prov:QUALIFIED_NAME"
      },
      "prov:value": "{\"default\":{\"cores\":1,\"jvm_opts\":[\"-Xms1000m\",\"-Xmx2048m\"],\"memory\":\"2048M\"}}"
    },
    "id:f8bb4e2e-a3a1-49c4-bfec-db47fc1bf436": {
      "prov:type": {
        "$": "prov:KeyEntityPair",
        "type": "prov:QUALIFIED_NAME"
      },
      "prov:pairKey": "resources",
      "prov:pairEntity": {
        "$": "data:f0f494c72a2bfebf049abce85ab47d88c51ba91b",
        "type": "prov:QUALIFIED_NAME"
      }
    },
    "id:ee6b97e9-6963-4299-b2fd-b3caf59a747d": {
      "prov:type": {
        "$": "prov:KeyEntityPair",
        "type": "prov:QUALIFIED_NAME"
      },
      "prov:pairKey": "rgnames__lane",
      "prov:pairEntity": {
        "$": "data:732c48596ab1af91cbbb907a73468dfcd758ac8f",
        "type": "prov:QUALIFIED_NAME"
      }
    },
    "id:cfaa1ee4-edb1-4fe7-8c84-c57b2fdf4c9c": {
      "prov:type": {
        "$": "prov:KeyEntityPair",
        "type": "prov:QUALIFIED_NAME"
      },
      "prov:pairKey": "rgnames__lb",
      "prov:pairEntity": {
        "$": "cwlprov:None",
        "type": "prov:QUALIFIED_NAME"
      }
    },
    "data:c728bc938eecc9a0d33fd48b8ca230fdebbdea19": {
      "prov:type": {
        "$": "wfprov:Artifact",
        "type": "prov:QUALIFIED_NAME"
      },
      "prov:value": "illumina"
    },
    "id:5239bd33-4694-4e66-92d0-22a3af81a6e4": {
      "prov:type": {
        "$": "prov:KeyEntityPair",
        "type": "prov:QUALIFIED_NAME"
      },
      "prov:pairKey": "rgnames__pl",
      "prov:pairEntity": {
        "$": "data:c728bc938eecc9a0d33fd48b8ca230fdebbdea19",
        "type": "prov:QUALIFIED_NAME"
      }
    },
    "id:c52c3965-b1a7-40ea-a53e-93cd3a6473ca": {
      "prov:type": {
        "$": "prov:KeyEntityPair",
        "type": "prov:QUALIFIED_NAME"
      },
      "prov:pairKey": "rgnames__pu",
      "prov:pairEntity": {
        "$": "data:732c48596ab1af91cbbb907a73468dfcd758ac8f",
        "type": "prov:QUALIFIED_NAME"
      }
    },
    "id:e4c38d61-b9bf-4cb2-b4d2-65d7bd94f51e": {
      "prov:type": {
        "$": "prov:KeyEntityPair",
        "type": "prov:QUALIFIED_NAME"
      },
      "prov:pairKey": "rgnames__rg",
      "prov:pairEntity": {
        "$": "data:732c48596ab1af91cbbb907a73468dfcd758ac8f",
        "type": "prov:QUALIFIED_NAME"
      }
    },
    "id:5897605c-2fa7-4cf2-a684-083bef36957a": {
      "prov:type": {
        "$": "prov:KeyEntityPair",
        "type": "prov:QUALIFIED_NAME"
      },
      "prov:pairKey": "rgnames__sample",
      "prov:pairEntity": {
        "$": "data:732c48596ab1af91cbbb907a73468dfcd758ac8f",
        "type": "prov:QUALIFIED_NAME"
      }
    },
    "data:653975b311737354f838ff678f07c8c324b8a267": {
      "prov:type": {
        "$": "wfprov:Artifact",
        "type": "prov:QUALIFIED_NAME"
      },
      "prov:value": "urn:uuid:6c6452e7-dec2-4df1-8377-98298c6fd058"
    },
    "id:58c3c438-c1b1-4a08-9e6b-97b4efde742e": {
      "prov:type": {
        "$": "prov:KeyEntityPair",
        "type": "prov:QUALIFIED_NAME"
      },
      "prov:pairKey": "@id",
      "prov:pairEntity": {
        "$": "data:653975b311737354f838ff678f07c8c324b8a267",
        "type": "prov:QUALIFIED_NAME"
      }
    },
    "id:1c0d77ab-1523-449d-a32a-79ce46159afe": {
      "prov:type": [
        {
          "$": "wfprov:Artifact",
          "type": "prov:QUALIFIED_NAME"
        },
        {
          "$": "prov:Collection",
          "type": "prov:QUALIFIED_NAME"
        },
        {
          "$": "prov:Dictionary",
          "type": "prov:QUALIFIED_NAME"
        }
      ],
      "prov:hadDictionaryMember": [
        {
          "$": "id:e329c2ea-5d8a-40bb-9a65-ad1247a68c5a",
          "type": "prov:QUALIFIED_NAME"
        },
        {
          "$": "id:09272a3b-4e5b-421a-b761-54c41d0dae21",
          "type": "prov:QUALIFIED_NAME"
        },
        {
          "$": "id:78de4cde-4584-4f74-a094-753581117981",
          "type": "prov:QUALIFIED_NAME"
        },
        {
          "$": "id:fa89d756-6bcb-4ef5-96d9-9e07fdd43b9e",
          "type": "prov:QUALIFIED_NAME"
        }
      ]
    },
    "id:78de4cde-4584-4f74-a094-753581117981": {
      "prov:type": {
        "$": "prov:KeyEntityPair",
        "type": "prov:QUALIFIED_NAME"
      },
      "prov:pairKey": "align_split",
      "prov:pairEntity": {
        "$": "cwlprov:None",
        "type": "prov:QUALIFIED_NAME"
      }
    },
    "id:09272a3b-4e5b-421a-b761-54c41d0dae21": {
      "prov:type": {
        "$": "prov:KeyEntityPair",
        "type": "prov:QUALIFIED_NAME"
      },
      "prov:pairKey": "config__algorithm__quality_format",
      "prov:pairEntity": {
        "$": "cwlprov:None",
        "type": "prov:QUALIFIED_NAME"
      }
    },
    "id:e329c2ea-5d8a-40bb-9a65-ad1247a68c5a": {
      "prov:type": {
        "$": "prov:KeyEntityPair",
        "type": "prov:QUALIFIED_NAME"
      },
      "prov:pairKey": "files",
      "prov:pairEntity": {
        "$": "cwlprov:None",
        "type": "prov:QUALIFIED_NAME"
      }
    },
    "data:f7f280a01c2efa7b1a1df7f95990eb9dff7d8906": {
      "prov:type": {
        "$": "wfprov:Artifact",
        "type": "prov:QUALIFIED_NAME"
      },
      "prov:value": "urn:uuid:1c0d77ab-1523-449d-a32a-79ce46159afe"
    },
    "id:fa89d756-6bcb-4ef5-96d9-9e07fdd43b9e": {
      "prov:type": {
        "$": "prov:KeyEntityPair",
        "type": "prov:QUALIFIED_NAME"
      },
      "prov:pairKey": "@id",
      "prov:pairEntity": {
        "$": "data:f7f280a01c2efa7b1a1df7f95990eb9dff7d8906",
        "type": "prov:QUALIFIED_NAME"
      }
    },
    "id:9a92e54e-9685-4232-8730-b20a445b2109": {
      "prov:type": [
        {
          "$": "wfprov:Artifact",
          "type": "prov:QUALIFIED_NAME"
        },
        {
          "$": "prov:Collection",
          "type": "prov:QUALIFIED_NAME"
        }
      ]
    },
    "id:7b771d81-cbf8-4574-b858-ff11e7582b2e": {
      "prov:type": [
        {
          "$": "wfprov:Artifact",
          "type": "prov:QUALIFIED_NAME"
        },
        {
          "$": "prov:Collection",
          "type": "prov:QUALIFIED_NAME"
        }
      ]
    },
    "id:86660dd8-1c25-41d2-bc8a-158be21bd0d2": {
      "prov:type": [
        {
          "$": "wfprov:Artifact",
          "type": "prov:QUALIFIED_NAME"
        },
        {
          "$": "prov:Collection",
          "type": "prov:QUALIFIED_NAME"
        }
      ]
    },
    "id:d616bd0e-a151-43d9-aef0-d2a66e5fa0dc": {
      "prov:type": [
        {
          "$": "wfprov:Artifact",
          "type": "prov:QUALIFIED_NAME"
        },
        {
          "$": "prov:Collection",
          "type": "prov:QUALIFIED_NAME"
        }
      ]
    },
    "id:b2e32356-88e0-4ccc-b995-348830aff604": {
      "prov:type": [
        {
          "$": "wfprov:Artifact",
          "type": "prov:QUALIFIED_NAME"
        },
        {
          "$": "prov:Collection",
          "type": "prov:QUALIFIED_NAME"
        }
      ]
    },
    "id:2091f0c0-1848-4689-bdd6-3532d5b6d525": {
      "prov:type": [
        {
          "$": "wfprov:Artifact",
          "type": "prov:QUALIFIED_NAME"
        },
        {
          "$": "prov:Collection",
          "type": "prov:QUALIFIED_NAME"
        }
      ]
    },
    "id:644ab3a4-4539-47c4-9321-2c3f3d303e6e": {
      "prov:type": [
        {
          "$": "wfprov:Artifact",
          "type": "prov:QUALIFIED_NAME"
        },
        {
          "$": "prov:Collection",
          "type": "prov:QUALIFIED_NAME"
        }
      ]
    },
    "id:7210671f-38ca-4675-b96f-3a4c98e09430": {
      "prov:type": [
        {
          "$": "wfprov:Artifact",
          "type": "prov:QUALIFIED_NAME"
        },
        {
          "$": "prov:Collection",
          "type": "prov:QUALIFIED_NAME"
        }
      ]
    }
  },
  "hadMember": {
    "_:id7": {
      "prov:collection": "id:6c6452e7-dec2-4df1-8377-98298c6fd058",
      "prov:entity": "data:0e1d14a2180a6234ff47e1903faa5dbd7b45697b"
    },
    "_:id8": {
      "prov:collection": "id:6c6452e7-dec2-4df1-8377-98298c6fd058",
      "prov:entity": "id:c16ec335-a5a8-452c-b2eb-c1156c0b5e70"
    },
    "_:id9": [
      {
        "prov:collection": "id:6c6452e7-dec2-4df1-8377-98298c6fd058",
        "prov:entity": "cwlprov:None"
      },
      {
        "prov:collection": "id:6c6452e7-dec2-4df1-8377-98298c6fd058",
        "prov:entity": "cwlprov:None"
      },
      {
        "prov:collection": "id:6c6452e7-dec2-4df1-8377-98298c6fd058",
        "prov:entity": "cwlprov:None"
      },
      {
        "prov:collection": "id:6c6452e7-dec2-4df1-8377-98298c6fd058",
        "prov:entity": "cwlprov:None"
      },
      {
        "prov:collection": "id:6c6452e7-dec2-4df1-8377-98298c6fd058",
        "prov:entity": "cwlprov:None"
      },
      {
        "prov:collection": "id:6c6452e7-dec2-4df1-8377-98298c6fd058",
        "prov:entity": "cwlprov:None"
      },
      {
        "prov:collection": "id:6c6452e7-dec2-4df1-8377-98298c6fd058",
        "prov:entity": "cwlprov:None"
      }
    ],
    "_:id10": {
      "prov:collection": "id:6c6452e7-dec2-4df1-8377-98298c6fd058",
      "prov:entity": "id:cc17564d-dff5-4860-8883-722c0a27e5d6"
    },
    "_:id11": {
      "prov:collection": "id:6c6452e7-dec2-4df1-8377-98298c6fd058",
      "prov:entity": "data:97cdbdc7feff827efb082a6b6dd2727237cd49fd"
    },
    "_:id12": {
      "prov:collection": "id:6c6452e7-dec2-4df1-8377-98298c6fd058",
      "prov:entity": "id:644782f8-b57b-41a4-964d-aa10632eaf39"
    },
    "_:id13": [
      {
        "prov:collection": "id:6c6452e7-dec2-4df1-8377-98298c6fd058",
        "prov:entity": "data:732c48596ab1af91cbbb907a73468dfcd758ac8f"
      },
      {
        "prov:collection": "id:6c6452e7-dec2-4df1-8377-98298c6fd058",
        "prov:entity": "data:732c48596ab1af91cbbb907a73468dfcd758ac8f"
      },
      {
        "prov:collection": "id:6c6452e7-dec2-4df1-8377-98298c6fd058",
        "prov:entity": "data:732c48596ab1af91cbbb907a73468dfcd758ac8f"
      },
      {
        "prov:collection": "id:6c6452e7-dec2-4df1-8377-98298c6fd058",
        "prov:entity": "data:732c48596ab1af91cbbb907a73468dfcd758ac8f"
      },
      {
        "prov:collection": "id:6c6452e7-dec2-4df1-8377-98298c6fd058",
        "prov:entity": "data:732c48596ab1af91cbbb907a73468dfcd758ac8f"
      }
    ],
    "_:id19": {
      "prov:collection": "id:6c6452e7-dec2-4df1-8377-98298c6fd058",
      "prov:entity": "id:39a37240-7832-4f14-bd92-5f5f2a9f9cb9"
    },
    "_:id20": {
      "prov:collection": "id:6c6452e7-dec2-4df1-8377-98298c6fd058",
      "prov:entity": "data:f0f494c72a2bfebf049abce85ab47d88c51ba91b"
    },
    "_:id21": {
      "prov:collection": "id:6c6452e7-dec2-4df1-8377-98298c6fd058",
      "prov:entity": "data:c728bc938eecc9a0d33fd48b8ca230fdebbdea19"
    },
    "_:id22": {
      "prov:collection": "id:6c6452e7-dec2-4df1-8377-98298c6fd058",
      "prov:entity": "data:653975b311737354f838ff678f07c8c324b8a267"
    },
    "_:id24": [
      {
        "prov:collection": "id:1c0d77ab-1523-449d-a32a-79ce46159afe",
        "prov:entity": "cwlprov:None"
      },
      {
        "prov:collection": "id:1c0d77ab-1523-449d-a32a-79ce46159afe",
        "prov:entity": "cwlprov:None"
      },
      {
        "prov:collection": "id:1c0d77ab-1523-449d-a32a-79ce46159afe",
        "prov:entity": "cwlprov:None"
      }
    ],
    "_:id25": {
      "prov:collection": "id:1c0d77ab-1523-449d-a32a-79ce46159afe",
      "prov:entity": "data:f7f280a01c2efa7b1a1df7f95990eb9dff7d8906"
    },
    "_:id26": {
      "prov:collection": "id:9a92e54e-9685-4232-8730-b20a445b2109",
      "prov:entity": "id:1c0d77ab-1523-449d-a32a-79ce46159afe"
    },
    "_:id46": {
      "prov:collection": "id:7b771d81-cbf8-4574-b858-ff11e7582b2e",
      "prov:entity": "cwlprov:None"
    },
    "_:id48": {
      "prov:collection": "id:86660dd8-1c25-41d2-bc8a-158be21bd0d2",
      "prov:entity": "cwlprov:None"
    },
    "_:id50": {
      "prov:collection": "id:d616bd0e-a151-43d9-aef0-d2a66e5fa0dc",
      "prov:entity": "cwlprov:None"
    },
    "_:id52": {
      "prov:collection": "id:b2e32356-88e0-4ccc-b995-348830aff604",
      "prov:entity": "cwlprov:None"
    },
    "_:id54": {
      "prov:collection": "id:2091f0c0-1848-4689-bdd6-3532d5b6d525",
      "prov:entity": "cwlprov:None"
    },
    "_:id56": {
      "prov:collection": "id:644ab3a4-4539-47c4-9321-2c3f3d303e6e",
      "prov:entity": "cwlprov:None"
    },
    "_:id58": {
      "prov:collection": "id:7210671f-38ca-4675-b96f-3a4c98e09430",
      "prov:entity": "cwlprov:None"
    }
  },
  "specializationOf": {
    "_:id14": {
      "prov:specificEntity": "id:39a37240-7832-4f14-bd92-5f5f2a9f9cb9",
      "prov:generalEntity": "data:e2ca54abb52ba4013b16f3f31d4083b8bf6de054"
    },
    "_:id15": {
      "prov:specificEntity": "id:3539eff5-fa2a-4d98-9c7c-98d294420816",
      "prov:generalEntity": "data:f2e30d7e4f304ffd45ddd3cc26441434df8bf5fe"
    },
    "_:id17": {
      "prov:specificEntity": "id:05a458dc-19df-4ace-83a6-d72bec648298",
      "prov:generalEntity": "data:d8584a6cb5bcdc476b4577bf89a25e215ca61449"
    }
  },
  "wasDerivedFrom": {
    "_:id16": {
      "prov:generatedEntity": "id:3539eff5-fa2a-4d98-9c7c-98d294420816",
      "prov:usedEntity": "id:39a37240-7832-4f14-bd92-5f5f2a9f9cb9",
      "prov:type": {
        "$": "cwlprov:SecondaryFile",
        "type": "prov:QUALIFIED_NAME"
      }
    },
    "_:id18": {
      "prov:generatedEntity": "id:05a458dc-19df-4ace-83a6-d72bec648298",
      "prov:usedEntity": "id:39a37240-7832-4f14-bd92-5f5f2a9f9cb9",
      "prov:type": {
        "$": "cwlprov:SecondaryFile",
        "type": "prov:QUALIFIED_NAME"
      }
    }
  },
  "used": {
    "_:id23": {
      "prov:activity": "id:95bea874-c7aa-465b-9b31-75224c77f2e9",
      "prov:entity": "id:6c6452e7-dec2-4df1-8377-98298c6fd058",
      "prov:time": "2018-09-24T23:24:59.137870",
      "prov:role": {
        "$": "wf:main/prep_align_inputs/alignment_rec",
        "type": "prov:QUALIFIED_NAME"
      }
    },
    "_:id32": {
      "prov:activity": "id:a888d7a8-26a5-4122-8a76-9f01a03da527",
      "prov:entity": "id:6c6452e7-dec2-4df1-8377-98298c6fd058",
      "prov:time": "2018-09-24T23:25:06.677460",
      "prov:role": {
        "$": "wf:main/process_alignment/alignment_rec",
        "type": "prov:QUALIFIED_NAME"
      }
    },
    "_:id33": {
      "prov:activity": "id:a888d7a8-26a5-4122-8a76-9f01a03da527",
      "prov:entity": "id:1c0d77ab-1523-449d-a32a-79ce46159afe",
      "prov:time": "2018-09-24T23:25:06.677705",
      "prov:role": {
        "$": "wf:main/process_alignment/process_alignment_rec",
        "type": "prov:QUALIFIED_NAME"
      }
    },
    "_:id45": {
      "prov:activity": "id:62c97648-dc8f-446f-a062-13ea08edb756",
      "prov:entity": "id:6c6452e7-dec2-4df1-8377-98298c6fd058",
      "prov:time": "2018-09-24T23:25:14.244491",
      "prov:role": {
        "$": "wf:main/merge_split_alignments/alignment_rec",
        "type": "prov:QUALIFIED_NAME"
      }
    },
    "_:id47": {
      "prov:activity": "id:62c97648-dc8f-446f-a062-13ea08edb756",
      "prov:entity": "id:7b771d81-cbf8-4574-b858-ff11e7582b2e",
      "prov:time": "2018-09-24T23:25:14.245053",
      "prov:role": {
        "$": "wf:main/merge_split_alignments/work_bam",
        "type": "prov:QUALIFIED_NAME"
      }
    },
    "_:id49": {
      "prov:activity": "id:62c97648-dc8f-446f-a062-13ea08edb756",
      "prov:entity": "id:86660dd8-1c25-41d2-bc8a-158be21bd0d2",
      "prov:time": "2018-09-24T23:25:14.245306",
      "prov:role": {
        "$": "wf:main/merge_split_alignments/align_bam_toolinput",
        "type": "prov:QUALIFIED_NAME"
      }
    },
    "_:id51": {
      "prov:activity": "id:62c97648-dc8f-446f-a062-13ea08edb756",
      "prov:entity": "id:d616bd0e-a151-43d9-aef0-d2a66e5fa0dc",
      "prov:time": "2018-09-24T23:25:14.245512",
      "prov:role": {
        "$": "wf:main/merge_split_alignments/work_bam_plus__disc_toolinput",
        "type": "prov:QUALIFIED_NAME"
      }
    },
    "_:id53": {
      "prov:activity": "id:62c97648-dc8f-446f-a062-13ea08edb756",
      "prov:entity": "id:b2e32356-88e0-4ccc-b995-348830aff604",
      "prov:time": "2018-09-24T23:25:14.245726",
      "prov:role": {
        "$": "wf:main/merge_split_alignments/work_bam_plus__sr_toolinput",
        "type": "prov:QUALIFIED_NAME"
      }
    },
    "_:id55": {
      "prov:activity": "id:62c97648-dc8f-446f-a062-13ea08edb756",
      "prov:entity": "id:2091f0c0-1848-4689-bdd6-3532d5b6d525",
      "prov:time": "2018-09-24T23:25:14.245934",
      "prov:role": {
        "$": "wf:main/merge_split_alignments/hla__fastq_toolinput",
        "type": "prov:QUALIFIED_NAME"
      }
    },
    "_:id57": {
      "prov:activity": "id:62c97648-dc8f-446f-a062-13ea08edb756",
      "prov:entity": "id:644ab3a4-4539-47c4-9321-2c3f3d303e6e",
      "prov:time": "2018-09-24T23:25:14.246142",
      "prov:role": {
        "$": "wf:main/merge_split_alignments/umi_bam_toolinput",
        "type": "prov:QUALIFIED_NAME"
      }
    },
    "_:id59": {
      "prov:activity": "id:62c97648-dc8f-446f-a062-13ea08edb756",
      "prov:entity": "id:7210671f-38ca-4675-b96f-3a4c98e09430",
      "prov:time": "2018-09-24T23:25:14.246339",
      "prov:role": {
        "$": "wf:main/merge_split_alignments/config__algorithm__rawumi_avg_cov_toolinput",
        "type": "prov:QUALIFIED_NAME"
      }
    }
  },
  "wasGeneratedBy": {
    "_:id27": {
      "prov:entity": "id:9a92e54e-9685-4232-8730-b20a445b2109",
      "prov:activity": "id:95bea874-c7aa-465b-9b31-75224c77f2e9",
      "prov:time": "2018-09-24T23:25:06.583911",
      "prov:role": {
        "$": "wf:main/prep_align_inputs/process_alignment_rec",
        "type": "prov:QUALIFIED_NAME"
      }
    },
    "_:id34": {
      "prov:entity": "cwlprov:None",
      "prov:activity": "id:a888d7a8-26a5-4122-8a76-9f01a03da527",
      "prov:time": "2018-09-24T23:25:14.152325",
      "prov:role": {
        "$": "wf:main/process_alignment/align_bam",
        "type": "prov:QUALIFIED_NAME"
      }
    },
    "_:id35": {
      "prov:entity": "cwlprov:None",
      "prov:activity": "id:a888d7a8-26a5-4122-8a76-9f01a03da527",
      "prov:time": "2018-09-24T23:25:14.152325",
      "prov:role": {
        "$": "wf:main/process_alignment/config__algorithm__rawumi_avg_cov",
        "type": "prov:QUALIFIED_NAME"
      }
    },
    "_:id36": {
      "prov:entity": "cwlprov:None",
      "prov:activity": "id:a888d7a8-26a5-4122-8a76-9f01a03da527",
      "prov:time": "2018-09-24T23:25:14.152325",
      "prov:role": {
        "$": "wf:main/process_alignment/hla__fastq",
        "type": "prov:QUALIFIED_NAME"
      }
    },
    "_:id37": {
      "prov:entity": "cwlprov:None",
      "prov:activity": "id:a888d7a8-26a5-4122-8a76-9f01a03da527",
      "prov:time": "2018-09-24T23:25:14.152325",
      "prov:role": {
        "$": "wf:main/process_alignment/umi_bam",
        "type": "prov:QUALIFIED_NAME"
      }
    },
    "_:id38": {
      "prov:entity": "cwlprov:None",
      "prov:activity": "id:a888d7a8-26a5-4122-8a76-9f01a03da527",
      "prov:time": "2018-09-24T23:25:14.152325",
      "prov:role": {
        "$": "wf:main/process_alignment/work_bam",
        "type": "prov:QUALIFIED_NAME"
      }
    },
    "_:id39": {
      "prov:entity": "cwlprov:None",
      "prov:activity": "id:a888d7a8-26a5-4122-8a76-9f01a03da527",
      "prov:time": "2018-09-24T23:25:14.152325",
      "prov:role": {
        "$": "wf:main/process_alignment/work_bam_plus__disc",
        "type": "prov:QUALIFIED_NAME"
      }
    },
    "_:id40": {
      "prov:entity": "cwlprov:None",
      "prov:activity": "id:a888d7a8-26a5-4122-8a76-9f01a03da527",
      "prov:time": "2018-09-24T23:25:14.152325",
      "prov:role": {
        "$": "wf:main/process_alignment/work_bam_plus__sr",
        "type": "prov:QUALIFIED_NAME"
      }
    },
    "_:id60": {
      "prov:entity": "cwlprov:None",
      "prov:activity": "id:62c97648-dc8f-446f-a062-13ea08edb756",
      "prov:time": "2018-09-24T23:25:21.742380",
      "prov:role": {
        "$": "wf:main/merge_split_alignments/align_bam",
        "type": "prov:QUALIFIED_NAME"
      }
    },
    "_:id61": {
      "prov:entity": "cwlprov:None",
      "prov:activity": "id:62c97648-dc8f-446f-a062-13ea08edb756",
      "prov:time": "2018-09-24T23:25:21.742380",
      "prov:role": {
        "$": "wf:main/merge_split_alignments/config__algorithm__rawumi_avg_cov",
        "type": "prov:QUALIFIED_NAME"
      }
    },
    "_:id62": {
      "prov:entity": "cwlprov:None",
      "prov:activity": "id:62c97648-dc8f-446f-a062-13ea08edb756",
      "prov:time": "2018-09-24T23:25:21.742380",
      "prov:role": {
        "$": "wf:main/merge_split_alignments/hla__fastq",
        "type": "prov:QUALIFIED_NAME"
      }
    },
    "_:id63": {
      "prov:entity": "cwlprov:None",
      "prov:activity": "id:62c97648-dc8f-446f-a062-13ea08edb756",
      "prov:time": "2018-09-24T23:25:21.742380",
      "prov:role": {
        "$": "wf:main/merge_split_alignments/umi_bam",
        "type": "prov:QUALIFIED_NAME"
      }
    },
    "_:id64": {
      "prov:entity": "cwlprov:None",
      "prov:activity": "id:62c97648-dc8f-446f-a062-13ea08edb756",
      "prov:time": "2018-09-24T23:25:21.742380",
      "prov:role": {
        "$": "wf:main/merge_split_alignments/work_bam_plus__disc",
        "type": "prov:QUALIFIED_NAME"
      }
    },
    "_:id65": {
      "prov:entity": "cwlprov:None",
      "prov:activity": "id:62c97648-dc8f-446f-a062-13ea08edb756",
      "prov:time": "2018-09-24T23:25:21.742380",
      "prov:role": {
        "$": "wf:main/merge_split_alignments/work_bam_plus__sr",
        "type": "prov:QUALIFIED_NAME"
      }
    },
    "_:id67": {
      "prov:entity": "cwlprov:None",
      "prov:activity": "id:6caa1136-4536-4b12-9e5f-c602b3b9889a",
      "prov:time": "2018-09-24T23:25:21.744709",
      "prov:role": {
        "$": "wf:main/workflow%20alignment/align_bam",
        "type": "prov:QUALIFIED_NAME"
      }
    },
    "_:id68": {
      "prov:entity": "cwlprov:None",
      "prov:activity": "id:6caa1136-4536-4b12-9e5f-c602b3b9889a",
      "prov:time": "2018-09-24T23:25:21.744709",
      "prov:role": {
        "$": "wf:main/workflow%2520alignment/work_bam_plus__disc",
        "type": "prov:QUALIFIED_NAME"
      }
    },
    "_:id69": {
      "prov:entity": "cwlprov:None",
      "prov:activity": "id:6caa1136-4536-4b12-9e5f-c602b3b9889a",
      "prov:time": "2018-09-24T23:25:21.744709",
      "prov:role": {
        "$": "wf:main/workflow%252520alignment/work_bam_plus__sr",
        "type": "prov:QUALIFIED_NAME"
      }
    },
    "_:id70": {
      "prov:entity": "cwlprov:None",
      "prov:activity": "id:6caa1136-4536-4b12-9e5f-c602b3b9889a",
      "prov:time": "2018-09-24T23:25:21.744709",
      "prov:role": {
        "$": "wf:main/workflow%25252520alignment/hla__fastq",
        "type": "prov:QUALIFIED_NAME"
      }
    },
    "_:id71": {
      "prov:entity": "cwlprov:None",
      "prov:activity": "id:6caa1136-4536-4b12-9e5f-c602b3b9889a",
      "prov:time": "2018-09-24T23:25:21.744709",
      "prov:role": {
        "$": "wf:main/workflow%2525252520alignment/umi_bam",
        "type": "prov:QUALIFIED_NAME"
      }
    },
    "_:id72": {
      "prov:entity": "cwlprov:None",
      "prov:activity": "id:6caa1136-4536-4b12-9e5f-c602b3b9889a",
      "prov:time": "2018-09-24T23:25:21.744709",
      "prov:role": {
        "$": "wf:main/workflow%252525252520alignment/config__algorithm__rawumi_avg_cov",
        "type": "prov:QUALIFIED_NAME"
      }
    }
  },
  "wasEndedBy": {
    "_:id28": {
      "prov:activity": "id:95bea874-c7aa-465b-9b31-75224c77f2e9",
      "prov:ender": "id:6caa1136-4536-4b12-9e5f-c602b3b9889a",
      "prov:time": "2018-09-24T23:25:06.586884"
    },
    "_:id41": {
      "prov:activity": "id:a888d7a8-26a5-4122-8a76-9f01a03da527",
      "prov:ender": "id:6caa1136-4536-4b12-9e5f-c602b3b9889a",
      "prov:time": "2018-09-24T23:25:14.153526"
    },
    "_:id66": {
      "prov:activity": "id:62c97648-dc8f-446f-a062-13ea08edb756",
      "prov:ender": "id:6caa1136-4536-4b12-9e5f-c602b3b9889a",
      "prov:time": "2018-09-24T23:25:21.743278"
    },
    "_:id73": {
      "prov:activity": "id:6caa1136-4536-4b12-9e5f-c602b3b9889a",
      "prov:ender": "id:107e38d7-985c-4b58-864b-f9277adeedec",
      "prov:time": "2018-09-24T23:25:21.745382"
    }
  }
}