<?xml version='1.0' encoding='ASCII'?>
<prov:document xmlns:cwlprov="https://w3id.org/cwl/prov#" xmlns:data="urn:hash::sha1:" xmlns:foaf="http://xmlns.com/foaf/0.1/" xmlns:id="urn:uuid:" xmlns:input="arcp://uuid,6c524b27-a780-41da-9861-f21ea1fe6a3e/workflow/primary-job.json#" xmlns:metadata="arcp://uuid,6c524b27-a780-41da-9861-f21ea1fe6a3e/metadata/" xmlns:orcid="https://orcid.org/" xmlns:prov="http://www.w3.org/ns/prov#" xmlns:provenance="arcp://uuid,6c524b27-a780-41da-9861-f21ea1fe6a3e/metadata/provenance/" xmlns:researchobject="arcp://uuid,6c524b27-a780-41da-9861-f21ea1fe6a3e/" xmlns:schema="http://schema.org/" xmlns:sha256="nih:sha-256;" xmlns:wf="arcp://uuid,6c524b27-a780-41da-9861-f21ea1fe6a3e/workflow/packed.cwl#" xmlns:wf4ever="http://purl.org/wf4ever/wf4ever#" xmlns:wfdesc="http://purl.org/wf4ever/wfdesc#" xmlns:wfprov="http://purl.org/wf4ever/wfprov#" xmlns:xsd="http://www.w3.org/2001/XMLSchema" xmlns:xsi="http://www.w3.org/2001/XMLSchema-instance">
  <prov:agent prov:id="id:5491fe59-1eb8-40dc-b107-604698984c0f"/>
  <prov:softwareAgent prov:id="id:107e38d7-985c-4b58-864b-f9277adeedec">
    <prov:label>cwltool 1.0.20180924092733</prov:label>
    <prov:type xsi:type="xsd:QName">wfprov:WorkflowEngine</prov:type>
  </prov:softwareAgent>
  <prov:wasStartedBy>
    <prov:activity prov:ref="id:107e38d7-985c-4b58-864b-f9277adeedec"/>
    <prov:starter prov:ref="id:5491fe59-1eb8-40dc-b107-604698984c0f"/>
    <prov:time>2018-09-24T23:24:41.689732</prov:time>
  </prov:wasStartedBy>
  <prov:activity prov:id="id:6caa1136-4536-4b12-9e5f-c602b3b9889a">
    <prov:startTime>2018-09-24T23:24:41.689829</prov:startTime>
    <prov:label>Run of workflow/packed.cwl#main</prov:label>
    <prov:type xsi:type="xsd:QName">wfprov:WorkflowRun</prov:type>
  </prov:activity>
  <prov:wasAssociatedWith>
    <prov:activity prov:ref="id:6caa1136-4536-4b12-9e5f-c602b3b9889a"/>
    <prov:agent prov:ref="id:107e38d7-985c-4b58-864b-f9277adeedec"/>
    <prov:plan prov:ref="wf:main"/>
  </prov:wasAssociatedWith>
  <prov:wasStartedBy>
    <prov:activity prov:ref="id:6caa1136-4536-4b12-9e5f-c602b3b9889a"/>
    <prov:starter prov:ref="id:107e38d7-985c-4b58-864b-f9277adeedec"/>
    <prov:time>2018-09-24T23:24:41.690022</prov:time>
  </prov:wasStartedBy>
  <prov:plan prov:id="wf:main">
    <prov:label>Prospective provenance</prov:label>
    <prov:type xsi:type="xsd:QName">wfdesc:Workflow</prov:type>
  </prov:plan>
  <prov:plan prov:id="wf:main/merge_split_alignments">
    <prov:type xsi:type="xsd:QName">wfdesc:Process</prov:type>
  </prov:plan>
  <prov:entity prov:id="wf:main">
    <prov:label>Prospective provenance</prov:label>
    <wfdesc:hasSubProcess xsi:type="xsd:QName">wf:main/merge_split_alignments</wfdesc:hasSubProcess>
  </prov:entity>
  <prov:plan prov:id="wf:main/process_alignment">
    <prov:type xsi:type="xsd:QName">wfdesc:Process</prov:type>
  </prov:plan>
  <prov:entity prov:id="wf:main">
    <prov:label>Prospective provenance</prov:label>
    <wfdesc:hasSubProcess xsi:type="xsd:QName">wf:main/process_alignment</wfdesc:hasSubProcess>
  </prov:entity>
  <prov:plan prov:id="wf:main/prep_align_inputs">
    <prov:type xsi:type="xsd:QName">wfdesc:Process</prov:type>
  </prov:plan>
  <prov:entity prov:id="wf:main">
    <prov:label>Prospective provenance</prov:label>
    <wfdesc:hasSubProcess xsi:type="xsd:QName">wf:main/prep_align_inputs</wfdesc:hasSubProcess>
  </prov:entity>
  <prov:activity prov:id="id:95bea874-c7aa-465b-9b31-75224c77f2e9">
    <prov:label>Run of workflow/packed.cwl#main/prep_align_inputs</prov:label>
    <prov:type xsi:type="xsd:QName">wfprov:ProcessRun</prov:type>
  </prov:activity>
  <prov:wasAssociatedWith>
    <prov:activity prov:ref="id:95bea874-c7aa-465b-9b31-75224c77f2e9"/>
    <prov:agent prov:ref="id:107e38d7-985c-4b58-864b-f9277adeedec"/>
    <prov:plan prov:ref="wf:main/prep_align_inputs"/>
  </prov:wasAssociatedWith>
  <prov:wasStartedBy>
    <prov:activity prov:ref="id:95bea874-c7aa-465b-9b31-75224c77f2e9"/>
    <prov:starter prov:ref="id:6caa1136-4536-4b12-9e5f-c602b3b9889a"/>
    <prov:time>2018-09-24T23:24:59.056366</prov:time>
  </prov:wasStartedBy>
  <prov:softwareAgent prov:id="id:6a2d4744-e1bc-435d-a2ee-d5045581adde">
    <prov:label>Container execution of image quay.io/bcbio/bcbio-vc</prov:label>
    <cwlprov:image>quay.io/bcbio/bcbio-vc</cwlprov:image>
  </prov:softwareAgent>
  <prov:wasAssociatedWith>
    <prov:activity prov:ref="id:95bea874-c7aa-465b-9b31-75224c77f2e9"/>
    <prov:agent prov:ref="id:6a2d4744-e1bc-435d-a2ee-d5045581adde"/>
  </prov:wasAssociatedWith>
  <prov:collection prov:id="id:6c6452e7-dec2-4df1-8377-98298c6fd058">
    <prov:type xsi:type="xsd:QName">prov:Dictionary</prov:type>
    <prov:type xsi:type="xsd:QName">wfprov:Artifact</prov:type>
    <prov:hadDictionaryMember xsi:type="xsd:QName">id:0d44bfb5-a362-47d9-ba2a-b61e0ca5330a</prov:hadDictionaryMember>
    <prov:hadDictionaryMember xsi:type="xsd:QName">id:2c189f2c-e89b-4c5e-be2b-6e218a112288</prov:hadDictionaryMember>
    <prov:hadDictionaryMember xsi:type="xsd:QName">id:31079fcf-0170-48af-a6aa-8dc7c8dee8f2</prov:hadDictionaryMember>
    <prov:hadDictionaryMember xsi:type="xsd:QName">id:450f7454-5d42-4898-bd7d-444122ad45e5</prov:hadDictionaryMember>
    <prov:hadDictionaryMember xsi:type="xsd:QName">id:5239bd33-4694-4e66-92d0-22a3af81a6e4</prov:hadDictionaryMember>
    <prov:hadDictionaryMember xsi:type="xsd:QName">id:53370808-5541-4f15-a2a7-f0956e3a4403</prov:hadDictionaryMember>
    <prov:hadDictionaryMember xsi:type="xsd:QName">id:5897605c-2fa7-4cf2-a684-083bef36957a</prov:hadDictionaryMember>
    <prov:hadDictionaryMember xsi:type="xsd:QName">id:58c3c438-c1b1-4a08-9e6b-97b4efde742e</prov:hadDictionaryMember>
    <prov:hadDictionaryMember xsi:type="xsd:QName">id:652e64cc-4166-4816-85bc-b261b65cf7f9</prov:hadDictionaryMember>
    <prov:hadDictionaryMember xsi:type="xsd:QName">id:73f5ca41-5f84-478d-a78b-c1e156ee8c1b</prov:hadDictionaryMember>
    <prov:hadDictionaryMember xsi:type="xsd:QName">id:7a7e3f39-0e8b-4c44-9df0-fa2683bee30a</prov:hadDictionaryMember>
    <prov:hadDictionaryMember xsi:type="xsd:QName">id:87971b3d-df4d-46bb-917f-9952c61c8fd4</prov:hadDictionaryMember>
    <prov:hadDictionaryMember xsi:type="xsd:QName">id:a7ceadf0-8edc-4400-8f11-81d4b2b6225d</prov:hadDictionaryMember>
    <prov:hadDictionaryMember xsi:type="xsd:QName">id:c52c3965-b1a7-40ea-a53e-93cd3a6473ca</prov:hadDictionaryMember>
    <prov:hadDictionaryMember xsi:type="xsd:QName">id:cfaa1ee4-edb1-4fe7-8c84-c57b2fdf4c9c</prov:hadDictionaryMember>
    <prov:hadDictionaryMember xsi:type="xsd:QName">id:d6febc64-84ed-49e6-9742-d70f4d0c3e0f</prov:hadDictionaryMember>
    <prov:hadDictionaryMember xsi:type="xsd:QName">id:d9679830-8e76-483e-bcfb-bfa8518357fa</prov:hadDictionaryMember>
    <prov:hadDictionaryMember xsi:type="xsd:QName">id:e4c38d61-b9bf-4cb2-b4d2-65d7bd94f51e</prov:hadDictionaryMember>
    <prov:hadDictionaryMember xsi:type="xsd:QName">id:ee6b97e9-6963-4299-b2fd-b3caf59a747d</prov:hadDictionaryMember>
    <prov:hadDictionaryMember xsi:type="xsd:QName">id:f1ccf914-8a58-47ac-8c50-fc3d20a204a6</prov:hadDictionaryMember>
    <prov:hadDictionaryMember xsi:type="xsd:QName">id:f8bb4e2e-a3a1-49c4-bfec-db47fc1bf436</prov:hadDictionaryMember>
  </prov:collection>
  <prov:entity prov:id="data:0e1d14a2180a6234ff47e1903faa5dbd7b45697b">
    <prov:type xsi:type="xsd:QName">wfprov:Artifact</prov:type>
    <prov:value xsi:type="xsd:string">variant</prov:value>
  </prov:entity>
  <prov:hadMember>
    <prov:collection prov:ref="id:6c6452e7-dec2-4df1-8377-98298c6fd058"/>
    <prov:entity prov:ref="data:0e1d14a2180a6234ff47e1903faa5dbd7b45697b"/>
  </prov:hadMember>
  <prov:entity prov:id="id:7a7e3f39-0e8b-4c44-9df0-fa2683bee30a">
    <prov:type xsi:type="xsd:QName">prov:KeyEntityPair</prov:type>
    <prov:pairEntity xsi:type="xsd:QName">data:0e1d14a2180a6234ff47e1903faa5dbd7b45697b</prov:pairEntity>
    <prov:pairKey>analysis</prov:pairKey>
  </prov:entity>
  <prov:emptyCollection prov:id="id:c16ec335-a5a8-452c-b2eb-c1156c0b5e70">
    <prov:type xsi:type="xsd:QName">prov:Collection</prov:type>
    <prov:type xsi:type="xsd:QName">wfprov:Artifact</prov:type>
  </prov:emptyCollection>
  <prov:hadMember>
    <prov:collection prov:ref="id:6c6452e7-dec2-4df1-8377-98298c6fd058"/>
    <prov:entity prov:ref="id:c16ec335-a5a8-452c-b2eb-c1156c0b5e70"/>
  </prov:hadMember>
  <prov:entity prov:id="id:450f7454-5d42-4898-bd7d-444122ad45e5">
    <prov:type xsi:type="xsd:QName">prov:KeyEntityPair</prov:type>
    <prov:pairEntity xsi:type="xsd:QName">id:c16ec335-a5a8-452c-b2eb-c1156c0b5e70</prov:pairEntity>
    <prov:pairKey>config__algorithm__adapters</prov:pairKey>
  </prov:entity>
  <prov:entity prov:id="cwlprov:None">
    <prov:label>None</prov:label>
  </prov:entity>
  <prov:hadMember>
    <prov:collection prov:ref="id:6c6452e7-dec2-4df1-8377-98298c6fd058"/>
    <prov:entity prov:ref="cwlprov:None"/>
  </prov:hadMember>
  <prov:entity prov:id="id:31079fcf-0170-48af-a6aa-8dc7c8dee8f2">
    <prov:type xsi:type="xsd:QName">prov:KeyEntityPair</prov:type>
    <prov:pairEntity xsi:type="xsd:QName">cwlprov:None</prov:pairEntity>
    <prov:pairKey>config__algorithm__align_split_size</prov:pairKey>
  </prov:entity>
  <prov:entity prov:id="cwlprov:None">
    <prov:label>None</prov:label>
  </prov:entity>
  <prov:hadMember>
    <prov:collection prov:ref="id:6c6452e7-dec2-4df1-8377-98298c6fd058"/>
    <prov:entity prov:ref="cwlprov:None"/>
  </prov:hadMember>
  <prov:entity prov:id="id:d9679830-8e76-483e-bcfb-bfa8518357fa">
    <prov:type xsi:type="xsd:QName">prov:KeyEntityPair</prov:type>
    <prov:pairEntity xsi:type="xsd:QName">cwlprov:None</prov:pairEntity>
    <prov:pairKey>config__algorithm__aligner</prov:pairKey>
  </prov:entity>
  <prov:entity prov:id="id:cc17564d-dff5-4860-8883-722c0a27e5d6">
    <prov:value xsi:type="xsd:boolean">false</prov:value>
  </prov:entity>
  <prov:hadMember>
    <prov:collection prov:ref="id:6c6452e7-dec2-4df1-8377-98298c6fd058"/>
    <prov:entity prov:ref="id:cc17564d-dff5-4860-8883-722c0a27e5d6"/>
  </prov:hadMember>
  <prov:entity prov:id="id:2c189f2c-e89b-4c5e-be2b-6e218a112288">
    <prov:type xsi:type="xsd:QName">prov:KeyEntityPair</prov:type>
    <prov:pairEntity xsi:type="xsd:QName">id:cc17564d-dff5-4860-8883-722c0a27e5d6</prov:pairEntity>
    <prov:pairKey>config__algorithm__bam_clean</prov:pairKey>
  </prov:entity>
  <prov:entity prov:id="data:97cdbdc7feff827efb082a6b6dd2727237cd49fd">
    <prov:type xsi:type="xsd:QName">wfprov:Artifact</prov:type>
    <prov:value xsi:type="xsd:string">False</prov:value>
  </prov:entity>
  <prov:hadMember>
    <prov:collection prov:ref="id:6c6452e7-dec2-4df1-8377-98298c6fd058"/>
    <prov:entity prov:ref="data:97cdbdc7feff827efb082a6b6dd2727237cd49fd"/>
  </prov:hadMember>
  <prov:entity prov:id="id:53370808-5541-4f15-a2a7-f0956e3a4403">
    <prov:type xsi:type="xsd:QName">prov:KeyEntityPair</prov:type>
    <prov:pairEntity xsi:type="xsd:QName">data:97cdbdc7feff827efb082a6b6dd2727237cd49fd</prov:pairEntity>
    <prov:pairKey>config__algorithm__mark_duplicates</prov:pairKey>
  </prov:entity>
  <prov:entity prov:id="id:644782f8-b57b-41a4-964d-aa10632eaf39">
    <prov:value xsi:type="xsd:boolean">false</prov:value>
  </prov:entity>
  <prov:hadMember>
    <prov:collection prov:ref="id:6c6452e7-dec2-4df1-8377-98298c6fd058"/>
    <prov:entity prov:ref="id:644782f8-b57b-41a4-964d-aa10632eaf39"/>
  </prov:hadMember>
  <prov:entity prov:id="id:a7ceadf0-8edc-4400-8f11-81d4b2b6225d">
    <prov:type xsi:type="xsd:QName">prov:KeyEntityPair</prov:type>
    <prov:pairEntity xsi:type="xsd:QName">id:644782f8-b57b-41a4-964d-aa10632eaf39</prov:pairEntity>
    <prov:pairKey>config__algorithm__trim_reads</prov:pairKey>
  </prov:entity>
  <prov:entity prov:id="cwlprov:None">
    <prov:label>None</prov:label>
  </prov:entity>
  <prov:hadMember>
    <prov:collection prov:ref="id:6c6452e7-dec2-4df1-8377-98298c6fd058"/>
    <prov:entity prov:ref="cwlprov:None"/>
  </prov:hadMember>
  <prov:entity prov:id="id:0d44bfb5-a362-47d9-ba2a-b61e0ca5330a">
    <prov:type xsi:type="xsd:QName">prov:KeyEntityPair</prov:type>
    <prov:pairEntity xsi:type="xsd:QName">cwlprov:None</prov:pairEntity>
    <prov:pairKey>config__algorithm__umi_type</prov:pairKey>
  </prov:entity>
  <prov:entity prov:id="data:732c48596ab1af91cbbb907a73468dfcd758ac8f">
    <prov:type xsi:type="xsd:QName">wfprov:Artifact</prov:type>
    <prov:value xsi:type="xsd:string">VarOnly</prov:value>
  </prov:entity>
  <prov:hadMember>
    <prov:collection prov:ref="id:6c6452e7-dec2-4df1-8377-98298c6fd058"/>
    <prov:entity prov:ref="data:732c48596ab1af91cbbb907a73468dfcd758ac8f"/>
  </prov:hadMember>
  <prov:entity prov:id="id:652e64cc-4166-4816-85bc-b261b65cf7f9">
    <prov:type xsi:type="xsd:QName">prov:KeyEntityPair</prov:type>
    <prov:pairEntity xsi:type="xsd:QName">data:732c48596ab1af91cbbb907a73468dfcd758ac8f</prov:pairEntity>
    <prov:pairKey>description</prov:pairKey>
  </prov:entity>
  <prov:entity prov:id="cwlprov:None">
    <prov:label>None</prov:label>
  </prov:entity>
  <prov:hadMember>
    <prov:collection prov:ref="id:6c6452e7-dec2-4df1-8377-98298c6fd058"/>
    <prov:entity prov:ref="cwlprov:None"/>
  </prov:hadMember>
  <prov:entity prov:id="id:d6febc64-84ed-49e6-9742-d70f4d0c3e0f">
    <prov:type xsi:type="xsd:QName">prov:KeyEntityPair</prov:type>
    <prov:pairEntity xsi:type="xsd:QName">cwlprov:None</prov:pairEntity>
    <prov:pairKey>files</prov:pairKey>
  </prov:entity>
  <prov:entity prov:id="cwlprov:None">
    <prov:label>None</prov:label>
  </prov:entity>
  <prov:hadMember>
    <prov:collection prov:ref="id:6c6452e7-dec2-4df1-8377-98298c6fd058"/>
    <prov:entity prov:ref="cwlprov:None"/>
  </prov:hadMember>
  <prov:entity prov:id="id:73f5ca41-5f84-478d-a78b-c1e156ee8c1b">
    <prov:type xsi:type="xsd:QName">prov:KeyEntityPair</prov:type>
    <prov:pairEntity xsi:type="xsd:QName">cwlprov:None</prov:pairEntity>
    <prov:pairKey>reference__bwa__indexes</prov:pairKey>
  </prov:entity>
  <prov:entity prov:id="data:e2ca54abb52ba4013b16f3f31d4083b8bf6de054"/>
  <prov:entity prov:id="id:39a37240-7832-4f14-bd92-5f5f2a9f9cb9">
    <prov:type xsi:type="xsd:QName">wf4ever:File</prov:type>
    <prov:type xsi:type="xsd:QName">wfprov:Artifact</prov:type>
    <cwlprov:basename>hg19.fa</cwlprov:basename>
    <cwlprov:nameext>.fa</cwlprov:nameext>
    <cwlprov:nameroot>hg19</cwlprov:nameroot>
  </prov:entity>
  <prov:specializationOf>
    <prov:specificEntity prov:ref="id:39a37240-7832-4f14-bd92-5f5f2a9f9cb9"/>
    <prov:generalEntity prov:ref="data:e2ca54abb52ba4013b16f3f31d4083b8bf6de054"/>
  </prov:specializationOf>
  <prov:entity prov:id="data:f2e30d7e4f304ffd45ddd3cc26441434df8bf5fe"/>
  <prov:entity prov:id="id:3539eff5-fa2a-4d98-9c7c-98d294420816">
    <prov:type xsi:type="xsd:QName">wf4ever:File</prov:type>
    <prov:type xsi:type="xsd:QName">wfprov:Artifact</prov:type>
    <cwlprov:basename>hg19.fa.fai</cwlprov:basename>
    <cwlprov:nameext>.fai</cwlprov:nameext>
    <cwlprov:nameroot>hg19.fa</cwlprov:nameroot>
  </prov:entity>
  <prov:specializationOf>
    <prov:specificEntity prov:ref="id:3539eff5-fa2a-4d98-9c7c-98d294420816"/>
    <prov:generalEntity prov:ref="data:f2e30d7e4f304ffd45ddd3cc26441434df8bf5fe"/>
  </prov:specializationOf>
  <prov:wasDerivedFrom>
    <prov:generatedEntity prov:ref="id:3539eff5-fa2a-4d98-9c7c-98d294420816"/>
    <prov:usedEntity prov:ref="id:39a37240-7832-4f14-bd92-5f5f2a9f9cb9"/>
    <prov:type xsi:type="xsd:QName">cwlprov:SecondaryFile</prov:type>
  </prov:wasDerivedFrom>
  <prov:entity prov:id="data:d8584a6cb5bcdc476b4577bf89a25e215ca61449"/>
  <prov:entity prov:id="id:05a458dc-19df-4ace-83a6-d72bec648298">
    <prov:type xsi:type="xsd:QName">wf4ever:File</prov:type>
    <prov:type xsi:type="xsd:QName">wfprov:Artifact</prov:type>
    <cwlprov:basename>hg19.dict</cwlprov:basename>
    <cwlprov:nameext>.dict</cwlprov:nameext>
    <cwlprov:nameroot>hg19</cwlprov:nameroot>
  </prov:entity>
  <prov:specializationOf>
    <prov:specificEntity prov:ref="id:05a458dc-19df-4ace-83a6-d72bec648298"/>
    <prov:generalEntity prov:ref="data:d8584a6cb5bcdc476b4577bf89a25e215ca61449"/>
  </prov:specializationOf>
  <prov:wasDerivedFrom>
    <prov:generatedEntity prov:ref="id:05a458dc-19df-4ace-83a6-d72bec648298"/>
    <prov:usedEntity prov:ref="id:39a37240-7832-4f14-bd92-5f5f2a9f9cb9"/>
    <prov:type xsi:type="xsd:QName">cwlprov:SecondaryFile</prov:type>
  </prov:wasDerivedFrom>
  <prov:hadMember>
    <prov:collection prov:ref="id:6c6452e7-dec2-4df1-8377-98298c6fd058"/>
    <prov:entity prov:ref="id:39a37240-7832-4f14-bd92-5f5f2a9f9cb9"/>
  </prov:hadMember>
  <prov:entity prov:id="id:f1ccf914-8a58-47ac-8c50-fc3d20a204a6">
    <prov:type xsi:type="xsd:QName">prov:KeyEntityPair</prov:type>
    <prov:pairEntity xsi:type="xsd:QName">id:39a37240-7832-4f14-bd92-5f5f2a9f9cb9</prov:pairEntity>
    <prov:pairKey>reference__fasta__base</prov:pairKey>
  </prov:entity>
  <prov:entity prov:id="cwlprov:None">
    <prov:label>None</prov:label>
  </prov:entity>
  <prov:hadMember>
    <prov:collection prov:ref="id:6c6452e7-dec2-4df1-8377-98298c6fd058"/>
    <prov:entity prov:ref="cwlprov:None"/>
  </prov:hadMember>
  <prov:entity prov:id="id:87971b3d-df4d-46bb-917f-9952c61c8fd4">
    <prov:type xsi:type="xsd:QName">prov:KeyEntityPair</prov:type>
    <prov:pairEntity xsi:type="xsd:QName">cwlprov:None</prov:pairEntity>
    <prov:pairKey>reference__minimap2__indexes</prov:pairKey>
  </prov:entity>
  <prov:entity prov:id="data:f0f494c72a2bfebf049abce85ab47d88c51ba91b">
    <prov:type xsi:type="xsd:QName">wfprov:Artifact</prov:type>
    <prov:value xsi:type="xsd:string">{"default":{"cores":1,"jvm_opts":["-Xms1000m","-Xmx2048m"],"memory":"2048M"}}</prov:value>
  </prov:entity>
  <prov:hadMember>
    <prov:collection prov:ref="id:6c6452e7-dec2-4df1-8377-98298c6fd058"/>
    <prov:entity prov:ref="data:f0f494c72a2bfebf049abce85ab47d88c51ba91b"/>
  </prov:hadMember>
  <prov:entity prov:id="id:f8bb4e2e-a3a1-49c4-bfec-db47fc1bf436">
    <prov:type xsi:type="xsd:QName">prov:KeyEntityPair</prov:type>
    <prov:pairEntity xsi:type="xsd:QName">data:f0f494c72a2bfebf049abce85ab47d88c51ba91b</prov:pairEntity>
    <prov:pairKey>resources</prov:pairKey>
  </prov:entity>
  <prov:entity prov:id="data:732c48596ab1af91cbbb907a73468dfcd758ac8f">
    <prov:type xsi:type="xsd:QName">wfprov:Artifact</prov:type>
    <prov:value xsi:type="xsd:string">VarOnly</prov:value>
  </prov:entity>
  <prov:hadMember>
    <prov:collection prov:ref="id:6c6452e7-dec2-4df1-8377-98298c6fd058"/>
    <prov:entity prov:ref="data:732c48596ab1af91cbbb907a73468dfcd758ac8f"/>
  </prov:hadMember>
  <prov:entity prov:id="id:ee6b97e9-6963-4299-b2fd-b3caf59a747d">
    <prov:type xsi:type="xsd:QName">prov:KeyEntityPair</prov:type>
    <prov:pairEntity xsi:type="xsd:QName">data:732c48596ab1af91cbbb907a73468dfcd758ac8f</prov:pairEntity>
    <prov:pairKey>rgnames__lane</prov:pairKey>
  </prov:entity>
  <prov:entity prov:id="cwlprov:None">
    <prov:label>None</prov:label>
  </prov:entity>
  <prov:hadMember>
    <prov:collection prov:ref="id:6c6452e7-dec2-4df1-8377-98298c6fd058"/>
    <prov:entity prov:ref="cwlprov:None"/>
  </prov:hadMember>
  <prov:entity prov:id="id:cfaa1ee4-edb1-4fe7-8c84-c57b2fdf4c9c">
    <prov:type xsi:type="xsd:QName">prov:KeyEntityPair</prov:type>
    <prov:pairEntity xsi:type="xsd:QName">cwlprov:None</prov:pairEntity>
    <prov:pairKey>rgnames__lb</prov:pairKey>
  </prov:entity>
  <prov:entity prov:id="data:c728bc938eecc9a0d33fd48b8ca230fdebbdea19">
    <prov:type xsi:type="xsd:QName">wfprov:Artifact</prov:type>
    <prov:value xsi:type="xsd:string">illumina</prov:value>
  </prov:entity>
  <prov:hadMember>
    <prov:collection prov:ref="id:6c6452e7-dec2-4df1-8377-98298c6fd058"/>
    <prov:entity prov:ref="data:c728bc938eecc9a0d33fd48b8ca230fdebbdea19"/>
  </prov:hadMember>
  <prov:entity prov:id="id:5239bd33-4694-4e66-92d0-22a3af81a6e4">
    <prov:type xsi:type="xsd:QName">prov:KeyEntityPair</prov:type>
    <prov:pairEntity xsi:type="xsd:QName">data:c728bc938eecc9a0d33fd48b8ca230fdebbdea19</prov:pairEntity>
    <prov:pairKey>rgnames__pl</prov:pairKey>
  </prov:entity>
  <prov:entity prov:id="data:732c48596ab1af91cbbb907a73468dfcd758ac8f">
    <prov:type xsi:type="xsd:QName">wfprov:Artifact</prov:type>
    <prov:value xsi:type="xsd:string">VarOnly</prov:value>
  </prov:entity>
  <prov:hadMember>
    <prov:collection prov:ref="id:6c6452e7-dec2-4df1-8377-98298c6fd058"/>
    <prov:entity prov:ref="data:732c48596ab1af91cbbb907a73468dfcd758ac8f"/>
  </prov:hadMember>
  <prov:entity prov:id="id:c52c3965-b1a7-40ea-a53e-93cd3a6473ca">
    <prov:type xsi:type="xsd:QName">prov:KeyEntityPair</prov:type>
    <prov:pairEntity xsi:type="xsd:QName">data:732c48596ab1af91cbbb907a73468dfcd758ac8f</prov:pairEntity>
    <prov:pairKey>rgnames__pu</prov:pairKey>
  </prov:entity>
  <prov:entity prov:id="data:732c48596ab1af91cbbb907a73468dfcd758ac8f">
    <prov:type xsi:type="xsd:QName">wfprov:Artifact</prov:type>
    <prov:value xsi:type="xsd:string">VarOnly</prov:value>
  </prov:entity>
  <prov:hadMember>
    <prov:collection prov:ref="id:6c6452e7-dec2-4df1-8377-98298c6fd058"/>
    <prov:entity prov:ref="data:732c48596ab1af91cbbb907a73468dfcd758ac8f"/>
  </prov:hadMember>
  <prov:entity prov:id="id:e4c38d61-b9bf-4cb2-b4d2-65d7bd94f51e">
    <prov:type xsi:type="xsd:QName">prov:KeyEntityPair</prov:type>
    <prov:pairEntity xsi:type="xsd:QName">data:732c48596ab1af91cbbb907a73468dfcd758ac8f</prov:pairEntity>
    <prov:pairKey>rgnames__rg</prov:pairKey>
  </prov:entity>
  <prov:entity prov:id="data:732c48596ab1af91cbbb907a73468dfcd758ac8f">
    <prov:type xsi:type="xsd:QName">wfprov:Artifact</prov:type>
    <prov:value xsi:type="xsd:string">VarOnly</prov:value>
  </prov:entity>
  <prov:hadMember>
    <prov:collection prov:ref="id:6c6452e7-dec2-4df1-8377-98298c6fd058"/>
    <prov:entity prov:ref="data:732c48596ab1af91cbbb907a73468dfcd758ac8f"/>
  </prov:hadMember>
  <prov:entity prov:id="id:5897605c-2fa7-4cf2-a684-083bef36957a">
    <prov:type xsi:type="xsd:QName">prov:KeyEntityPair</prov:type>
    <prov:pairEntity xsi:type="xsd:QName">data:732c48596ab1af91cbbb907a73468dfcd758ac8f</prov:pairEntity>
    <prov:pairKey>rgnames__sample</prov:pairKey>
  </prov:entity>
  <prov:entity prov:id="data:653975b311737354f838ff678f07c8c324b8a267">
    <prov:type xsi:type="xsd:QName">wfprov:Artifact</prov:type>
    <prov:value xsi:type="xsd:string">urn:uuid:6c6452e7-dec2-4df1-8377-98298c6fd058</prov:value>
  </prov:entity>
  <prov:hadMember>
    <prov:collection prov:ref="id:6c6452e7-dec2-4df1-8377-98298c6fd058"/>
    <prov:entity prov:ref="data:653975b311737354f838ff678f07c8c324b8a267"/>
  </prov:hadMember>
  <prov:entity prov:id="id:58c3c438-c1b1-4a08-9e6b-97b4efde742e">
    <prov:type xsi:type="xsd:QName">prov:KeyEntityPair</prov:type>
    <prov:pairEntity xsi:type="xsd:QName">data:653975b311737354f838ff678f07c8c324b8a267</prov:pairEntity>
    <prov:pairKey>@id</prov:pairKey>
  </prov:entity>
  <prov:used>
    <prov:activity prov:ref="id:95bea874-c7aa-465b-9b31-75224c77f2e9"/>
    <prov:entity prov:ref="id:6c6452e7-dec2-4df1-8377-98298c6fd058"/>
    <prov:time>2018-09-24T23:24:59.137870</prov:time>
    <prov:role xsi:type="xsd:QName">wf:main/prep_align_inputs/alignment_rec</prov:role>
  </prov:used>
  <prov:collection prov:id="id:1c0d77ab-1523-449d-a32a-79ce46159afe">
    <prov:type xsi:type="xsd:QName">prov:Dictionary</prov:type>
    <prov:type xsi:type="xsd:QName">wfprov:Artifact</prov:type>
    <prov:hadDictionaryMember xsi:type="xsd:QName">id:09272a3b-4e5b-421a-b761-54c41d0dae21</prov:hadDictionaryMember>
    <prov:hadDictionaryMember xsi:type="xsd:QName">id:78de4cde-4584-4f74-a094-753581117981</prov:hadDictionaryMember>
    <prov:hadDictionaryMember xsi:type="xsd:QName">id:e329c2ea-5d8a-40bb-9a65-ad1247a68c5a</prov:hadDictionaryMember>
    <prov:hadDictionaryMember xsi:type="xsd:QName">id:fa89d756-6bcb-4ef5-96d9-9e07fdd43b9e</prov:hadDictionaryMember>
  </prov:collection>
  <prov:entity prov:id="cwlprov:None">
    <prov:label>None</prov:label>
  </prov:entity>
  <prov:hadMember>
    <prov:collection prov:ref="id:1c0d77ab-1523-449d-a32a-79ce46159afe"/>
    <prov:entity prov:ref="cwlprov:None"/>
  </prov:hadMember>
  <prov:entity prov:id="id:78de4cde-4584-4f74-a094-753581117981">
    <prov:type xsi:type="xsd:QName">prov:KeyEntityPair</prov:type>
    <prov:pairEntity xsi:type="xsd:QName">cwlprov:None</prov:pairEntity>
    <prov:pairKey>align_split</prov:pairKey>
  </prov:entity>
  <prov:entity prov:id="cwlprov:None">
    <prov:label>None</prov:label>
  </prov:entity>
  <prov:hadMember>
    <prov:collection prov:ref="id:1c0d77ab-1523-449d-a32a-79ce46159afe"/>
    <prov:entity prov:ref="cwlprov:None"/>
  </prov:hadMember>
  <prov:entity prov:id="id:09272a3b-4e5b-421a-b761-54c41d0dae21">
    <prov:type xsi:type="xsd:QName">prov:KeyEntityPair</prov:type>
    <prov:pairEntity xsi:type="xsd:QName">cwlprov:None</prov:pairEntity>
    <prov:pairKey>config__algorithm__quality_format</prov:pairKey>
  </prov:entity>
  <prov:entity prov:id="cwlprov:None">
    <prov:label>None</prov:label>
  </prov:entity>
  <prov:hadMember>
    <prov:collection prov:ref="id:1c0d77ab-1523-449d-a32a-79ce46159afe"/>
    <prov:entity prov:ref="cwlprov:None"/>
  </prov:hadMember>
  <prov:entity prov:id="id:e329c2ea-5d8a-40bb-9a65-ad1247a68c5a">
    <prov:type xsi:type="xsd:QName">prov:KeyEntityPair</prov:type>
    <prov:pairEntity xsi:type="xsd:QName">cwlprov:None</prov:pairEntity>
    <prov:pairKey>files</prov:pairKey>
  </prov:entity>
  <prov:entity prov:id="data:f7f280a01c2efa7b1a1df7f95990eb9dff7d8906">
    <prov:type xsi:type="xsd:QName">wfprov:Artifact</prov:type>
    <prov:value xsi:type="xsd:string">urn:uuid:1c0d77ab-1523-449d-a32a-79ce46159afe</prov:value>
  </prov:entity>
  <prov:hadMember>
    <prov:collection prov:ref="id:1c0d77ab-1523-449d-a32a-79ce46159afe"/>
    <prov:entity prov:ref="data:f7f280a01c2efa7b1a1df7f95990eb9dff7d8906"/>
  </prov:hadMember>
  <prov:entity prov:id="id:fa89d756-6bcb-4ef5-96d9-9e07fdd43b9e">
    <prov:type xsi:type="xsd:QName">prov:KeyEntityPair</prov:type>
    <prov:pairEntity xsi:type="xsd:QName">data:f7f280a01c2efa7b1a1df7f95990eb9dff7d8906</prov:pairEntity>
    <prov:pairKey>@id</prov:pairKey>
  </prov:entity>
  <prov:collection prov:id="id:9a92e54e-9685-4232-8730-b20a445b2109">
    <prov:type xsi:type="xsd:QName">wfprov:Artifact</prov:type>
  </prov:collection>
  <prov:hadMember>
    <prov:collection prov:ref="id:9a92e54e-9685-4232-8730-b20a445b2109"/>
    <prov:entity prov:ref="id:1c0d77ab-1523-449d-a32a-79ce46159afe"/>
  </prov:hadMember>
  <prov:wasGeneratedBy>
    <prov:entity prov:ref="id:9a92e54e-9685-4232-8730-b20a445b2109"/>
    <prov:activity prov:ref="id:95bea874-c7aa-465b-9b31-75224c77f2e9"/>
    <prov:time>2018-09-24T23:25:06.583911</prov:time>
    <prov:role xsi:type="xsd:QName">wf:main/prep_align_inputs/process_alignment_rec</prov:role>
  </prov:wasGeneratedBy>
  <prov:wasEndedBy>
    <prov:activity prov:ref="id:95bea874-c7aa-465b-9b31-75224c77f2e9"/>
    <prov:ender prov:ref="id:6caa1136-4536-4b12-9e5f-c602b3b9889a"/>
    <prov:time>2018-09-24T23:25:06.586884</prov:time>
  </prov:wasEndedBy>
  <prov:activity prov:id="id:a888d7a8-26a5-4122-8a76-9f01a03da527">
    <prov:label>Run of workflow/packed.cwl#main/process_alignment</prov:label>
    <prov:type xsi:type="xsd:QName">wfprov:ProcessRun</prov:type>
  </prov:activity>
  <prov:wasAssociatedWith>
    <prov:activity prov:ref="id:a888d7a8-26a5-4122-8a76-9f01a03da527"/>
    <prov:agent prov:ref="id:107e38d7-985c-4b58-864b-f9277adeedec"/>
    <prov:plan prov:ref="wf:main/process_alignment"/>
  </prov:wasAssociatedWith>
  <prov:wasStartedBy>
    <prov:activity prov:ref="id:a888d7a8-26a5-4122-8a76-9f01a03da527"/>
    <prov:starter prov:ref="id:6caa1136-4536-4b12-9e5f-c602b3b9889a"/>
    <prov:time>2018-09-24T23:25:06.610729</prov:time>
  </prov:wasStartedBy>
  <prov:softwareAgent prov:id="id:4becb999-4e0f-48de-9d65-f8212b1c05f4">
    <prov:label>Container execution of image quay.io/bcbio/bcbio-vc</prov:label>
    <cwlprov:image>quay.io/bcbio/bcbio-vc</cwlprov:image>
  </prov:softwareAgent>
  <prov:wasAssociatedWith>
    <prov:activity prov:ref="id:a888d7a8-26a5-4122-8a76-9f01a03da527"/>
    <prov:agent prov:ref="id:4becb999-4e0f-48de-9d65-f8212b1c05f4"/>
  </prov:wasAssociatedWith>
  <prov:used>
    <prov:activity prov:ref="id:a888d7a8-26a5-4122-8a76-9f01a03da527"/>
    <prov:entity prov:ref="id:6c6452e7-dec2-4df1-8377-98298c6fd058"/>
    <prov:time>2018-09-24T23:25:06.677460</prov:time>
    <prov:role xsi:type="xsd:QName">wf:main/process_alignment/alignment_rec</prov:role>
  </prov:used>
  <prov:used>
    <prov:activity prov:ref="id:a888d7a8-26a5-4122-8a76-9f01a03da527"/>
    <prov:entity prov:ref="id:1c0d77ab-1523-449d-a32a-79ce46159afe"/>
    <prov:time>2018-09-24T23:25:06.677705</prov:time>
    <prov:role xsi:type="xsd:QName">wf:main/process_alignment/process_alignment_rec</prov:role>
  </prov:used>
  <prov:entity prov:id="cwlprov:None">
    <prov:label>None</prov:label>
  </prov:entity>
  <prov:wasGeneratedBy>
    <prov:entity prov:ref="cwlprov:None"/>
    <prov:activity prov:ref="id:a888d7a8-26a5-4122-8a76-9f01a03da527"/>
    <prov:time>2018-09-24T23:25:14.152325</prov:time>
    <prov:role xsi:type="xsd:QName">wf:main/process_alignment/align_bam</prov:role>
  </prov:wasGeneratedBy>
  <prov:entity prov:id="cwlprov:None">
    <prov:label>None</prov:label>
  </prov:entity>
  <prov:wasGeneratedBy>
    <prov:entity prov:ref="cwlprov:None"/>
    <prov:activity prov:ref="id:a888d7a8-26a5-4122-8a76-9f01a03da527"/>
    <prov:time>2018-09-24T23:25:14.152325</prov:time>
    <prov:role xsi:type="xsd:QName">wf:main/process_alignment/config__algorithm__rawumi_avg_cov</prov:role>
  </prov:wasGeneratedBy>
  <prov:entity prov:id="cwlprov:None">
    <prov:label>None</prov:label>
  </prov:entity>
  <prov:wasGeneratedBy>
    <prov:entity prov:ref="cwlprov:None"/>
    <prov:activity prov:ref="id:a888d7a8-26a5-4122-8a76-9f01a03da527"/>
    <prov:time>2018-09-24T23:25:14.152325</prov:time>
    <prov:role xsi:type="xsd:QName">wf:main/process_alignment/hla__fastq</prov:role>
  </prov:wasGeneratedBy>
  <prov:entity prov:id="cwlprov:None">
    <prov:label>None</prov:label>
  </prov:entity>
  <prov:wasGeneratedBy>
    <prov:entity prov:ref="cwlprov:None"/>
    <prov:activity prov:ref="id:a888d7a8-26a5-4122-8a76-9f01a03da527"/>
    <prov:time>2018-09-24T23:25:14.152325</prov:time>
    <prov:role xsi:type="xsd:QName">wf:main/process_alignment/umi_bam</prov:role>
  </prov:wasGeneratedBy>
  <prov:entity prov:id="cwlprov:None">
    <prov:label>None</prov:label>
  </prov:entity>
  <prov:wasGeneratedBy>
    <prov:entity prov:ref="cwlprov:None"/>
    <prov:activity prov:ref="id:a888d7a8-26a5-4122-8a76-9f01a03da527"/>
    <prov:time>2018-09-24T23:25:14.152325</prov:time>
    <prov:role xsi:type="xsd:QName">wf:main/process_alignment/work_bam</prov:role>
  </prov:wasGeneratedBy>
  <prov:entity prov:id="cwlprov:None">
    <prov:label>None</prov:label>
  </prov:entity>
  <prov:wasGeneratedBy>
    <prov:entity prov:ref="cwlprov:None"/>
    <prov:activity prov:ref="id:a888d7a8-26a5-4122-8a76-9f01a03da527"/>
    <prov:time>2018-09-24T23:25:14.152325</prov:time>
    <prov:role xsi:type="xsd:QName">wf:main/process_alignment/work_bam_plus__disc</prov:role>
  </prov:wasGeneratedBy>
  <prov:entity prov:id="cwlprov:None">
    <prov:label>None</prov:label>
  </prov:entity>
  <prov:wasGeneratedBy>
    <prov:entity prov:ref="cwlprov:None"/>
    <prov:activity prov:ref="id:a888d7a8-26a5-4122-8a76-9f01a03da527"/>
    <prov:time>2018-09-24T23:25:14.152325</prov:time>
    <prov:role xsi:type="xsd:QName">wf:main/process_alignment/work_bam_plus__sr</prov:role>
  </prov:wasGeneratedBy>
  <prov:wasEndedBy>
    <prov:activity prov:ref="id:a888d7a8-26a5-4122-8a76-9f01a03da527"/>
    <prov:ender prov:ref="id:6caa1136-4536-4b12-9e5f-c602b3b9889a"/>
    <prov:time>2018-09-24T23:25:14.153526</prov:time>
  </prov:wasEndedBy>
  <prov:activity prov:id="id:62c97648-dc8f-446f-a062-13ea08edb756">
    <prov:label>Run of workflow/packed.cwl#main/merge_split_alignments</prov:label>
    <prov:type xsi:type="xsd:QName">wfprov:ProcessRun</prov:type>
  </prov:activity>
  <prov:wasAssociatedWith>
    <prov:activity prov:ref="id:62c97648-dc8f-446f-a062-13ea08edb756"/>
    <prov:agent prov:ref="id:107e38d7-985c-4b58-864b-f9277adeedec"/>
    <prov:plan prov:ref="wf:main/merge_split_alignments"/>
  </prov:wasAssociatedWith>
  <prov:wasStartedBy>
    <prov:activity prov:ref="id:62c97648-dc8f-446f-a062-13ea08edb756"/>
    <prov:starter prov:ref="id:6caa1136-4536-4b12-9e5f-c602b3b9889a"/>
    <prov:time>2018-09-24T23:25:14.177129</prov:time>
  </prov:wasStartedBy>
  <prov:softwareAgent prov:id="id:9faa3001-f689-47df-afe0-795f1e5c69f8">
    <prov:label>Container execution of image quay.io/bcbio/bcbio-vc</prov:label>
    <cwlprov:image>quay.io/bcbio/bcbio-vc</cwlprov:image>
  </prov:softwareAgent>
  <prov:wasAssociatedWith>
    <prov:activity prov:ref="id:62c97648-dc8f-446f-a062-13ea08edb756"/>
    <prov:agent prov:ref="id:9faa3001-f689-47df-afe0-795f1e5c69f8"/>
  </prov:wasAssociatedWith>
  <prov:used>
    <prov:activity prov:ref="id:62c97648-dc8f-446f-a062-13ea08edb756"/>
    <prov:entity prov:ref="id:6c6452e7-dec2-4df1-8377-98298c6fd058"/>
    <prov:time>2018-09-24T23:25:14.244491</prov:time>
    <prov:role xsi:type="xsd:QName">wf:main/merge_split_alignments/alignment_rec</prov:role>
  </prov:used>
  <prov:entity prov:id="cwlprov:None">
    <prov:label>None</prov:label>
  </prov:entity>
  <prov:collection prov:id="id:7b771d81-cbf8-4574-b858-ff11e7582b2e">
    <prov:type xsi:type="xsd:QName">wfprov:Artifact</prov:type>
  </prov:collection>
  <prov:hadMember>
    <prov:collection prov:ref="id:7b771d81-cbf8-4574-b858-ff11e7582b2e"/>
    <prov:entity prov:ref="cwlprov:None"/>
  </prov:hadMember>
  <prov:used>
    <prov:activity prov:ref="id:62c97648-dc8f-446f-a062-13ea08edb756"/>
    <prov:entity prov:ref="id:7b771d81-cbf8-4574-b858-ff11e7582b2e"/>
    <prov:time>2018-09-24T23:25:14.245053</prov:time>
    <prov:role xsi:type="xsd:QName">wf:main/merge_split_alignments/work_bam</prov:role>
  </prov:used>
  <prov:entity prov:id="cwlprov:None">
    <prov:label>None</prov:label>
  </prov:entity>
  <prov:collection prov:id="id:86660dd8-1c25-41d2-bc8a-158be21bd0d2">
    <prov:type xsi:type="xsd:QName">wfprov:Artifact</prov:type>
  </prov:collection>
  <prov:hadMember>
    <prov:collection prov:ref="id:86660dd8-1c25-41d2-bc8a-158be21bd0d2"/>
    <prov:entity prov:ref="cwlprov:None"/>
  </prov:hadMember>
  <prov:used>
    <prov:activity prov:ref="id:62c97648-dc8f-446f-a062-13ea08edb756"/>
    <prov:entity prov:ref="id:86660dd8-1c25-41d2-bc8a-158be21bd0d2"/>
    <prov:time>2018-09-24T23:25:14.245306</prov:time>
    <prov:role xsi:type="xsd:QName">wf:main/merge_split_alignments/align_bam_toolinput</prov:role>
  </prov:used>
  <prov:entity prov:id="cwlprov:None">
    <prov:label>None</prov:label>
  </prov:entity>
  <prov:collection prov:id="id:d616bd0e-a151-43d9-aef0-d2a66e5fa0dc">
    <prov:type xsi:type="xsd:QName">wfprov:Artifact</prov:type>
  </prov:collection>
  <prov:hadMember>
    <prov:collection prov:ref="id:d616bd0e-a151-43d9-aef0-d2a66e5fa0dc"/>
    <prov:entity prov:ref="cwlprov:None"/>
  </prov:hadMember>
  <prov:used>
    <prov:activity prov:ref="id:62c97648-dc8f-446f-a062-13ea08edb756"/>
    <prov:entity prov:ref="id:d616bd0e-a151-43d9-aef0-d2a66e5fa0dc"/>
    <prov:time>2018-09-24T23:25:14.245512</prov:time>
    <prov:role xsi:type="xsd:QName">wf:main/merge_split_alignments/work_bam_plus__disc_toolinput</prov:role>
  </prov:used>
  <prov:entity prov:id="cwlprov:None">
    <prov:label>None</prov:label>
  </prov:entity>
  <prov:collection prov:id="id:b2e32356-88e0-4ccc-b995-348830aff604">
    <prov:type xsi:type="xsd:QName">wfprov:Artifact</prov:type>
  </prov:collection>
  <prov:hadMember>
    <prov:collection prov:ref="id:b2e32356-88e0-4ccc-b995-348830aff604"/>
    <prov:entity prov:ref="cwlprov:None"/>
  </prov:hadMember>
  <prov:used>
    <prov:activity prov:ref="id:62c97648-dc8f-446f-a062-13ea08edb756"/>
    <prov:entity prov:ref="id:b2e32356-88e0-4ccc-b995-348830aff604"/>
    <prov:time>2018-09-24T23:25:14.245726</prov:time>
    <prov:role xsi:type="xsd:QName">wf:main/merge_split_alignments/work_bam_plus__sr_toolinput</prov:role>
  </prov:used>
  <prov:entity prov:id="cwlprov:None">
    <prov:label>None</prov:label>
  </prov:entity>
  <prov:collection prov:id="id:2091f0c0-1848-4689-bdd6-3532d5b6d525">
    <prov:type xsi:type="xsd:QName">wfprov:Artifact</prov:type>
  </prov:collection>
  <prov:hadMember>
    <prov:collection prov:ref="id:2091f0c0-1848-4689-bdd6-3532d5b6d525"/>
    <prov:entity prov:ref="cwlprov:None"/>
  </prov:hadMember>
  <prov:used>
    <prov:activity prov:ref="id:62c97648-dc8f-446f-a062-13ea08edb756"/>
    <prov:entity prov:ref="id:2091f0c0-1848-4689-bdd6-3532d5b6d525"/>
    <prov:time>2018-09-24T23:25:14.245934</prov:time>
    <prov:role xsi:type="xsd:QName">wf:main/merge_split_alignments/hla__fastq_toolinput</prov:role>
  </prov:used>
  <prov:entity prov:id="cwlprov:None">
    <prov:label>None</prov:label>
  </prov:entity>
  <prov:collection prov:id="id:644ab3a4-4539-47c4-9321-2c3f3d303e6e">
    <prov:type xsi:type="xsd:QName">wfprov:Artifact</prov:type>
  </prov:collection>
  <prov:hadMember>
    <prov:collection prov:ref="id:644ab3a4-4539-47c4-9321-2c3f3d303e6e"/>
    <prov:entity prov:ref="cwlprov:None"/>
  </prov:hadMember>
  <prov:used>
    <prov:activity prov:ref="id:62c97648-dc8f-446f-a062-13ea08edb756"/>
    <prov:entity prov:ref="id:644ab3a4-4539-47c4-9321-2c3f3d303e6e"/>
    <prov:time>2018-09-24T23:25:14.246142</prov:time>
    <prov:role xsi:type="xsd:QName">wf:main/merge_split_alignments/umi_bam_toolinput</prov:role>
  </prov:used>
  <prov:entity prov:id="cwlprov:None">
    <prov:label>None</prov:label>
  </prov:entity>
  <prov:collection prov:id="id:7210671f-38ca-4675-b96f-3a4c98e09430">
    <prov:type xsi:type="xsd:QName">wfprov:Artifact</prov:type>
  </prov:collection>
  <prov:hadMember>
    <prov:collection prov:ref="id:7210671f-38ca-4675-b96f-3a4c98e09430"/>
    <prov:entity prov:ref="cwlprov:None"/>
  </prov:hadMember>
  <prov:used>
    <prov:activity prov:ref="id:62c97648-dc8f-446f-a062-13ea08edb756"/>
    <prov:entity prov:ref="id:7210671f-38ca-4675-b96f-3a4c98e09430"/>
    <prov:time>2018-09-24T23:25:14.246339</prov:time>
    <prov:role xsi:type="xsd:QName">wf:main/merge_split_alignments/config__algorithm__rawumi_avg_cov_toolinput</prov:role>
  </prov:used>
  <prov:entity prov:id="cwlprov:None">
    <prov:label>None</prov:label>
  </prov:entity>
  <prov:wasGeneratedBy>
    <prov:entity prov:ref="cwlprov:None"/>
    <prov:activity prov:ref="id:62c97648-dc8f-446f-a062-13ea08edb756"/>
    <prov:time>2018-09-24T23:25:21.742380</prov:time>
    <prov:role xsi:type="xsd:QName">wf:main/merge_split_alignments/align_bam</prov:role>
  </prov:wasGeneratedBy>
  <prov:entity prov:id="cwlprov:None">
    <prov:label>None</prov:label>
  </prov:entity>
  <prov:wasGeneratedBy>
    <prov:entity prov:ref="cwlprov:None"/>
    <prov:activity prov:ref="id:62c97648-dc8f-446f-a062-13ea08edb756"/>
    <prov:time>2018-09-24T23:25:21.742380</prov:time>
    <prov:role xsi:type="xsd:QName">wf:main/merge_split_alignments/config__algorithm__rawumi_avg_cov</prov:role>
  </prov:wasGeneratedBy>
  <prov:entity prov:id="cwlprov:None">
    <prov:label>None</prov:label>
  </prov:entity>
  <prov:wasGeneratedBy>
    <prov:entity prov:ref="cwlprov:None"/>
    <prov:activity prov:ref="id:62c97648-dc8f-446f-a062-13ea08edb756"/>
    <prov:time>2018-09-24T23:25:21.742380</prov:time>
    <prov:role xsi:type="xsd:QName">wf:main/merge_split_alignments/hla__fastq</prov:role>
  </prov:wasGeneratedBy>
  <prov:entity prov:id="cwlprov:None">
    <prov:label>None</prov:label>
  </prov:entity>
  <prov:wasGeneratedBy>
    <prov:entity prov:ref="cwlprov:None"/>
    <prov:activity prov:ref="id:62c97648-dc8f-446f-a062-13ea08edb756"/>
    <prov:time>2018-09-24T23:25:21.742380</prov:time>
    <prov:role xsi:type="xsd:QName">wf:main/merge_split_alignments/umi_bam</prov:role>
  </prov:wasGeneratedBy>
  <prov:entity prov:id="cwlprov:None">
    <prov:label>None</prov:label>
  </prov:entity>
  <prov:wasGeneratedBy>
    <prov:entity prov:ref="cwlprov:None"/>
    <prov:activity prov:ref="id:62c97648-dc8f-446f-a062-13ea08edb756"/>
    <prov:time>2018-09-24T23:25:21.742380</prov:time>
    <prov:role xsi:type="xsd:QName">wf:main/merge_split_alignments/work_bam_plus__disc</prov:role>
  </prov:wasGeneratedBy>
  <prov:entity prov:id="cwlprov:None">
    <prov:label>None</prov:label>
  </prov:entity>
  <prov:wasGeneratedBy>
    <prov:entity prov:ref="cwlprov:None"/>
    <prov:activity prov:ref="id:62c97648-dc8f-446f-a062-13ea08edb756"/>
    <prov:time>2018-09-24T23:25:21.742380</prov:time>
    <prov:role xsi:type="xsd:QName">wf:main/merge_split_alignments/work_bam_plus__sr</prov:role>
  </prov:wasGeneratedBy>
  <prov:wasEndedBy>
    <prov:activity prov:ref="id:62c97648-dc8f-446f-a062-13ea08edb756"/>
    <prov:ender prov:ref="id:6caa1136-4536-4b12-9e5f-c602b3b9889a"/>
    <prov:time>2018-09-24T23:25:21.743278</prov:time>
  </prov:wasEndedBy>
  <prov:entity prov:id="cwlprov:None">
    <prov:label>None</prov:label>
  </prov:entity>
  <prov:wasGeneratedBy>
    <prov:entity prov:ref="cwlprov:None"/>
    <prov:activity prov:ref="id:6caa1136-4536-4b12-9e5f-c602b3b9889a"/>
    <prov:time>2018-09-24T23:25:21.744709</prov:time>
    <prov:role xsi:type="xsd:QName">wf:main/workflow%20alignment/align_bam</prov:role>
  </prov:wasGeneratedBy>
  <prov:entity prov:id="cwlprov:None">
    <prov:label>None</prov:label>
  </prov:entity>
  <prov:wasGeneratedBy>
    <prov:entity prov:ref="cwlprov:None"/>
    <prov:activity prov:ref="id:6caa1136-4536-4b12-9e5f-c602b3b9889a"/>
    <prov:time>2018-09-24T23:25:21.744709</prov:time>
    <prov:role xsi:type="xsd:QName">wf:main/workflow%2520alignment/work_bam_plus__disc</prov:role>
  </prov:wasGeneratedBy>
  <prov:entity prov:id="cwlprov:None">
    <prov:label>None</prov:label>
  </prov:entity>
  <prov:wasGeneratedBy>
    <prov:entity prov:ref="cwlprov:None"/>
    <prov:activity prov:ref="id:6caa1136-4536-4b12-9e5f-c602b3b9889a"/>
    <prov:time>2018-09-24T23:25:21.744709</prov:time>
    <prov:role xsi:type="xsd:QName">wf:main/workflow%252520alignment/work_bam_plus__sr</prov:role>
  </prov:wasGeneratedBy>
  <prov:entity prov:id="cwlprov:None">
    <prov:label>None</prov:label>
  </prov:entity>
  <prov:wasGeneratedBy>
    <prov:entity prov:ref="cwlprov:None"/>
    <prov:activity prov:ref="id:6caa1136-4536-4b12-9e5f-c602b3b9889a"/>
    <prov:time>2018-09-24T23:25:21.744709</prov:time>
    <prov:role xsi:type="xsd:QName">wf:main/workflow%25252520alignment/hla__fastq</prov:role>
  </prov:wasGeneratedBy>
  <prov:entity prov:id="cwlprov:None">
    <prov:label>None</prov:label>
  </prov:entity>
  <prov:wasGeneratedBy>
    <prov:entity prov:ref="cwlprov:None"/>
    <prov:activity prov:ref="id:6caa1136-4536-4b12-9e5f-c602b3b9889a"/>
    <prov:time>2018-09-24T23:25:21.744709</prov:time>
    <prov:role xsi:type="xsd:QName">wf:main/workflow%2525252520alignment/umi_bam</prov:role>
  </prov:wasGeneratedBy>
  <prov:entity prov:id="cwlprov:None">
    <prov:label>None</prov:label>
  </prov:entity>
  <prov:wasGeneratedBy>
    <prov:entity prov:ref="cwlprov:None"/>
    <prov:activity prov:ref="id:6caa1136-4536-4b12-9e5f-c602b3b9889a"/>
    <prov:time>2018-09-24T23:25:21.744709</prov:time>
    <prov:role xsi:type="xsd:QName">wf:main/workflow%252525252520alignment/config__algorithm__rawumi_avg_cov</prov:role>
  </prov:wasGeneratedBy>
  <prov:wasEndedBy>
    <prov:activity prov:ref="id:6caa1136-4536-4b12-9e5f-c602b3b9889a"/>
    <prov:ender prov:ref="id:107e38d7-985c-4b58-864b-f9277adeedec"/>
    <prov:time>2018-09-24T23:25:21.745382</prov:time>
  </prov:wasEndedBy>
</prov:document>
